2026-05-17T19:12:27.404960+00:00 WARNING 'ansible_navigator.image_manager.puller._log_message' Image inspection failed, image assumed to be corrupted or missing
2026-05-17T19:12:27.405909+00:00 WARNING 'ansible_navigator.image_manager.puller._log_message' stdout: []

2026-05-17T19:12:27.405955+00:00 WARNING 'ansible_navigator.image_manager.puller._log_message' stderr: Error: registry.redhat.io/ansible-automation-platform-24/ee-supported-rhel9:latest: image not known

2026-05-17T19:12:28.033487+00:00 ERROR 'ansible_navigator.image_manager.puller._log_message' Execution environment pull failed
2026-05-17T19:12:28.891425+00:00 CRITICAL 'ansible_navigator.actions.run_5eed._handle_message' Unhandled message from runner queue, discarded: {'event': 'verbose', 'uuid': '4a4b8ef5-183d-42bb-b4b5-35ec30a97b15', 'counter': 1, 'stdout': 'Error: unable to copy from source docker://registry.redhat.io/ansible-automation-platform-24/ee-supported-rhel9:latest: initializing source docker://registry.redhat.io/ansible-automation-platform-24/ee-supported-rhel9:latest: unable to retrieve auth token: invalid username/password: unauthorized: Please login to the Red Hat Registry using your Customer Portal credentials. Further instructions can be found here: https://access.redhat.com/RegistryAuthentication', 'start_line': 0, 'end_line': 1, 'runner_ident': 'cbcf4098-b23e-492d-ac8e-73cc91670483', 'created': '2026-05-17T19:12:28.891227+00:00'}
2026-05-17T19:13:30.214652+00:00 WARNING 'ansible_navigator.image_manager.puller._log_message' Image inspection failed, image assumed to be corrupted or missing
2026-05-17T19:13:30.215002+00:00 WARNING 'ansible_navigator.image_manager.puller._log_message' stdout: []

2026-05-17T19:13:30.215034+00:00 WARNING 'ansible_navigator.image_manager.puller._log_message' stderr: time="2026-05-17T19:13:30Z" level=warning msg="The cgroupv2 manager is set to systemd but there is no systemd user session available"
time="2026-05-17T19:13:30Z" level=warning msg="For using systemd, you may need to log in using a user session"
time="2026-05-17T19:13:30Z" level=warning msg="Alternatively, you can enable lingering with: `loginctl enable-linger 1001` (possibly as root)"
time="2026-05-17T19:13:30Z" level=warning msg="Falling back to --cgroup-manager=cgroupfs"
time="2026-05-17T19:13:30Z" level=warning msg="The cgroupv2 manager is set to systemd but there is no systemd user session available"
time="2026-05-17T19:13:30Z" level=warning msg="For using systemd, you may need to log in using a user session"
time="2026-05-17T19:13:30Z" level=warning msg="Alternatively, you can enable lingering with: `loginctl enable-linger 1001` (possibly as root)"
time="2026-05-17T19:13:30Z" level=warning msg="Falling back to --cgroup-manager=cgroupfs"
Error: registry.redhat.io/ansible-automation-platform-24/ee-supported-rhel9:latest: image not known

2026-05-17T19:14:39.353201+00:00 CRITICAL 'ansible_navigator.actions.run_119d._handle_message' Unhandled message from runner queue, discarded: {'event': 'verbose', 'uuid': '781173c7-0910-4100-b2b0-76604760b12b', 'counter': 1, 'stdout': '\x1b[33mWARN\x1b[0m[0000] The cgroupv2 manager is set to systemd but there is no systemd user session available ', 'start_line': 0, 'end_line': 1, 'runner_ident': 'e5d9a6ba-95c1-42e4-a394-17fbc488b8eb', 'created': '2026-05-17T19:14:39.352742+00:00'}
2026-05-17T19:14:39.353952+00:00 CRITICAL 'ansible_navigator.actions.run_119d._handle_message' Unhandled message from runner queue, discarded: {'event': 'verbose', 'uuid': '76102675-7bbb-46e4-8e97-a268cc1caaf9', 'counter': 2, 'stdout': '\x1b[33mWARN\x1b[0m[0000] For using systemd, you may need to log in using a user session ', 'start_line': 1, 'end_line': 2, 'runner_ident': 'e5d9a6ba-95c1-42e4-a394-17fbc488b8eb', 'created': '2026-05-17T19:14:39.352890+00:00'}
2026-05-17T19:14:39.353998+00:00 CRITICAL 'ansible_navigator.actions.run_119d._handle_message' Unhandled message from runner queue, discarded: {'event': 'verbose', 'uuid': '3ce0a6d9-56e3-435f-9abe-2587aedc2c62', 'counter': 3, 'stdout': '\x1b[33mWARN\x1b[0m[0000] Alternatively, you can enable lingering with: `loginctl enable-linger 1001` (possibly as root) ', 'start_line': 2, 'end_line': 3, 'runner_ident': 'e5d9a6ba-95c1-42e4-a394-17fbc488b8eb', 'created': '2026-05-17T19:14:39.352927+00:00'}
2026-05-17T19:14:39.354032+00:00 CRITICAL 'ansible_navigator.actions.run_119d._handle_message' Unhandled message from runner queue, discarded: {'event': 'verbose', 'uuid': '8bccb28e-5e02-4697-baee-96b2cd103671', 'counter': 4, 'stdout': '\x1b[33mWARN\x1b[0m[0000] Falling back to --cgroup-manager=cgroupfs    ', 'start_line': 3, 'end_line': 4, 'runner_ident': 'e5d9a6ba-95c1-42e4-a394-17fbc488b8eb', 'created': '2026-05-17T19:14:39.352953+00:00'}
2026-05-17T19:14:39.463288+00:00 CRITICAL 'ansible_navigator.actions.run_119d._handle_message' Unhandled message from runner queue, discarded: {'event': 'verbose', 'uuid': '9700210f-4a8a-4bf6-bdc1-959775c9e556', 'counter': 5, 'stdout': '\x1b[33mWARN\x1b[0m[0000] The cgroupv2 manager is set to systemd but there is no systemd user session available ', 'start_line': 4, 'end_line': 5, 'runner_ident': 'e5d9a6ba-95c1-42e4-a394-17fbc488b8eb', 'created': '2026-05-17T19:14:39.380304+00:00'}
2026-05-17T19:14:39.463378+00:00 CRITICAL 'ansible_navigator.actions.run_119d._handle_message' Unhandled message from runner queue, discarded: {'event': 'verbose', 'uuid': '5bb211bb-c1bd-40cd-aefe-a25ce06ed41f', 'counter': 6, 'stdout': '\x1b[33mWARN\x1b[0m[0000] For using systemd, you may need to log in using a user session ', 'start_line': 5, 'end_line': 6, 'runner_ident': 'e5d9a6ba-95c1-42e4-a394-17fbc488b8eb', 'created': '2026-05-17T19:14:39.380407+00:00'}
2026-05-17T19:14:39.463404+00:00 CRITICAL 'ansible_navigator.actions.run_119d._handle_message' Unhandled message from runner queue, discarded: {'event': 'verbose', 'uuid': 'e4a5caf0-9ec0-4209-981c-77fbea557155', 'counter': 7, 'stdout': '\x1b[33mWARN\x1b[0m[0000] Alternatively, you can enable lingering with: `loginctl enable-linger 1001` (possibly as root) ', 'start_line': 6, 'end_line': 7, 'runner_ident': 'e5d9a6ba-95c1-42e4-a394-17fbc488b8eb', 'created': '2026-05-17T19:14:39.380442+00:00'}
2026-05-17T19:14:39.463425+00:00 CRITICAL 'ansible_navigator.actions.run_119d._handle_message' Unhandled message from runner queue, discarded: {'event': 'verbose', 'uuid': '2cc34efe-cace-4948-81bd-c408fda80e90', 'counter': 8, 'stdout': '\x1b[33mWARN\x1b[0m[0000] Falling back to --cgroup-manager=cgroupfs    ', 'start_line': 7, 'end_line': 8, 'runner_ident': 'e5d9a6ba-95c1-42e4-a394-17fbc488b8eb', 'created': '2026-05-17T19:14:39.380466+00:00'}
2026-05-17T19:16:57.370425+00:00 CRITICAL 'ansible_navigator.actions.run_57e3._handle_message' Unhandled message from runner queue, discarded: {'event': 'verbose', 'uuid': '50a9b7b1-088d-4ea5-a25d-45f3b5a877d0', 'counter': 1, 'stdout': '\x1b[33mWARN\x1b[0m[0000] The cgroupv2 manager is set to systemd but there is no systemd user session available ', 'start_line': 0, 'end_line': 1, 'runner_ident': 'cc900291-fbef-4c26-85dd-e72a92c06135', 'created': '2026-05-17T19:16:57.370126+00:00'}
2026-05-17T19:16:57.371735+00:00 CRITICAL 'ansible_navigator.actions.run_57e3._handle_message' Unhandled message from runner queue, discarded: {'event': 'verbose', 'uuid': 'ad6c59ea-567e-47f1-bdcb-da3b0027f20f', 'counter': 2, 'stdout': '\x1b[33mWARN\x1b[0m[0000] For using systemd, you may need to log in using a user session ', 'start_line': 1, 'end_line': 2, 'runner_ident': 'cc900291-fbef-4c26-85dd-e72a92c06135', 'created': '2026-05-17T19:16:57.370251+00:00'}
2026-05-17T19:16:57.371768+00:00 CRITICAL 'ansible_navigator.actions.run_57e3._handle_message' Unhandled message from runner queue, discarded: {'event': 'verbose', 'uuid': '390ff76e-b613-4f8e-a227-31da467fa5ef', 'counter': 3, 'stdout': '\x1b[33mWARN\x1b[0m[0000] Alternatively, you can enable lingering with: `loginctl enable-linger 1001` (possibly as root) ', 'start_line': 2, 'end_line': 3, 'runner_ident': 'cc900291-fbef-4c26-85dd-e72a92c06135', 'created': '2026-05-17T19:16:57.370280+00:00'}
2026-05-17T19:16:57.371791+00:00 CRITICAL 'ansible_navigator.actions.run_57e3._handle_message' Unhandled message from runner queue, discarded: {'event': 'verbose', 'uuid': 'cd404870-4c95-4d61-a624-e7ce388ae65f', 'counter': 4, 'stdout': '\x1b[33mWARN\x1b[0m[0000] Falling back to --cgroup-manager=cgroupfs    ', 'start_line': 3, 'end_line': 4, 'runner_ident': 'cc900291-fbef-4c26-85dd-e72a92c06135', 'created': '2026-05-17T19:16:57.370302+00:00'}
2026-05-17T19:16:57.483584+00:00 CRITICAL 'ansible_navigator.actions.run_57e3._handle_message' Unhandled message from runner queue, discarded: {'event': 'verbose', 'uuid': 'a9f372d6-8bdb-400b-b1e1-9743641b0d4c', 'counter': 5, 'stdout': '\x1b[33mWARN\x1b[0m[0000] The cgroupv2 manager is set to systemd but there is no systemd user session available ', 'start_line': 4, 'end_line': 5, 'runner_ident': 'cc900291-fbef-4c26-85dd-e72a92c06135', 'created': '2026-05-17T19:16:57.401046+00:00'}
2026-05-17T19:16:57.483674+00:00 CRITICAL 'ansible_navigator.actions.run_57e3._handle_message' Unhandled message from runner queue, discarded: {'event': 'verbose', 'uuid': 'b57bb335-3dc3-48c4-b16c-09dbef9e6b68', 'counter': 6, 'stdout': '\x1b[33mWARN\x1b[0m[0000] For using systemd, you may need to log in using a user session ', 'start_line': 5, 'end_line': 6, 'runner_ident': 'cc900291-fbef-4c26-85dd-e72a92c06135', 'created': '2026-05-17T19:16:57.401117+00:00'}
2026-05-17T19:16:57.483700+00:00 CRITICAL 'ansible_navigator.actions.run_57e3._handle_message' Unhandled message from runner queue, discarded: {'event': 'verbose', 'uuid': 'afeed61d-10ed-44f9-8add-872f2e57de50', 'counter': 7, 'stdout': '\x1b[33mWARN\x1b[0m[0000] Alternatively, you can enable lingering with: `loginctl enable-linger 1001` (possibly as root) ', 'start_line': 6, 'end_line': 7, 'runner_ident': 'cc900291-fbef-4c26-85dd-e72a92c06135', 'created': '2026-05-17T19:16:57.401143+00:00'}
2026-05-17T19:16:57.483720+00:00 CRITICAL 'ansible_navigator.actions.run_57e3._handle_message' Unhandled message from runner queue, discarded: {'event': 'verbose', 'uuid': 'e44e0e11-e49d-49cd-b227-21ef1982fdda', 'counter': 8, 'stdout': '\x1b[33mWARN\x1b[0m[0000] Falling back to --cgroup-manager=cgroupfs    ', 'start_line': 7, 'end_line': 8, 'runner_ident': 'cc900291-fbef-4c26-85dd-e72a92c06135', 'created': '2026-05-17T19:16:57.401163+00:00'}
2026-05-17T19:19:22.403174+00:00 INFO 'ansible_navigator.setup_logger' New ansible-navigator instance, logging initialized
2026-05-17T19:19:22.403316+00:00 INFO 'ansible_navigator.setup_logger' New ansible-runner instance, logging initialized
2026-05-17T19:19:22.403338+00:00 DEBUG 'ansible_navigator.main' Jinja2==3.1.6 
2026-05-17T19:19:22.403353+00:00 DEBUG 'ansible_navigator.main' MarkupSafe==3.0.3 
2026-05-17T19:19:22.403365+00:00 DEBUG 'ansible_navigator.main' Parsley==1.3 
2026-05-17T19:19:22.403376+00:00 DEBUG 'ansible_navigator.main' PySocks==1.7.1 
2026-05-17T19:19:22.403387+00:00 DEBUG 'ansible_navigator.main' PyYAML==5.4.1 
2026-05-17T19:19:22.403398+00:00 DEBUG 'ansible_navigator.main' Pygments==2.20.0 
2026-05-17T19:19:22.403409+00:00 DEBUG 'ansible_navigator.main' ansible-builder==3.1.1 
2026-05-17T19:19:22.403419+00:00 DEBUG 'ansible_navigator.main' ansible-compat==24.10.0 
2026-05-17T19:19:22.403430+00:00 DEBUG 'ansible_navigator.main' ansible-core==2.14.18 
2026-05-17T19:19:22.403440+00:00 DEBUG 'ansible_navigator.main' ansible-lint==6.22.2 
2026-05-17T19:19:22.403451+00:00 DEBUG 'ansible_navigator.main' ansible-navigator==24.2.0 
2026-05-17T19:19:22.403461+00:00 DEBUG 'ansible_navigator.main' ansible-runner==2.4.3 
2026-05-17T19:19:22.403471+00:00 DEBUG 'ansible_navigator.main' attrs==26.1.0 /home/ansible/.local/lib/python3.9/site-packages/attrs/__init__.py
2026-05-17T19:19:22.403481+00:00 DEBUG 'ansible_navigator.main' bindep==2.14.0 /home/ansible/.local/lib/python3.9/site-packages/bindep/__init__.py
2026-05-17T19:19:22.403492+00:00 DEBUG 'ansible_navigator.main' black==25.11.0 /home/ansible/.local/lib/python3.9/site-packages/black/__init__.cpython-39-x86_64-linux-gnu.so
2026-05-17T19:19:22.403510+00:00 DEBUG 'ansible_navigator.main' bracex==2.6 /home/ansible/.local/lib/python3.9/site-packages/bracex/__init__.py
2026-05-17T19:19:22.403530+00:00 DEBUG 'ansible_navigator.main' cffi==1.14.5 /usr/lib64/python3.9/site-packages/cffi/__init__.py
2026-05-17T19:19:22.403541+00:00 DEBUG 'ansible_navigator.main' chardet==4.0.0 /usr/lib/python3.9/site-packages/chardet/__init__.py
2026-05-17T19:19:22.403552+00:00 DEBUG 'ansible_navigator.main' click==8.1.8 /home/ansible/.local/lib/python3.9/site-packages/click/__init__.py
2026-05-17T19:19:22.403562+00:00 DEBUG 'ansible_navigator.main' cryptography==36.0.1 /usr/lib64/python3.9/site-packages/cryptography/__init__.py
2026-05-17T19:19:22.403573+00:00 DEBUG 'ansible_navigator.main' dbus-python==1.2.18 
2026-05-17T19:19:22.403583+00:00 DEBUG 'ansible_navigator.main' decorator==4.4.2 /usr/lib/python3.9/site-packages/decorator.py
2026-05-17T19:19:22.403594+00:00 DEBUG 'ansible_navigator.main' distro==1.9.0 /home/ansible/.local/lib/python3.9/site-packages/distro/__init__.py
2026-05-17T19:19:22.403604+00:00 DEBUG 'ansible_navigator.main' file-magic==0.4.0 
2026-05-17T19:19:22.403614+00:00 DEBUG 'ansible_navigator.main' filelock==3.19.1 /home/ansible/.local/lib/python3.9/site-packages/filelock/__init__.py
2026-05-17T19:19:22.403625+00:00 DEBUG 'ansible_navigator.main' idna==2.10 /usr/lib/python3.9/site-packages/idna/__init__.py
2026-05-17T19:19:22.403635+00:00 DEBUG 'ansible_navigator.main' importlib-metadata==6.2.1 
2026-05-17T19:19:22.403645+00:00 DEBUG 'ansible_navigator.main' iniparse==0.4 /usr/lib/python3.9/site-packages/iniparse/__init__.py
2026-05-17T19:19:22.403656+00:00 DEBUG 'ansible_navigator.main' jsonschema-specifications==2025.9.1 
2026-05-17T19:19:22.403666+00:00 DEBUG 'ansible_navigator.main' jsonschema==4.25.1 /home/ansible/.local/lib/python3.9/site-packages/jsonschema/__init__.py
2026-05-17T19:19:22.403676+00:00 DEBUG 'ansible_navigator.main' lockfile==0.12.2 /home/ansible/.local/lib/python3.9/site-packages/lockfile/__init__.py
2026-05-17T19:19:22.403686+00:00 DEBUG 'ansible_navigator.main' markdown-it-py==3.0.0 
2026-05-17T19:19:22.403697+00:00 DEBUG 'ansible_navigator.main' mdurl==0.1.2 /home/ansible/.local/lib/python3.9/site-packages/mdurl/__init__.py
2026-05-17T19:19:22.403707+00:00 DEBUG 'ansible_navigator.main' mypy_extensions==1.1.0 /home/ansible/.local/lib/python3.9/site-packages/mypy_extensions.py
2026-05-17T19:19:22.403717+00:00 DEBUG 'ansible_navigator.main' nftables==0.1 /usr/lib/python3.9/site-packages/nftables/__init__.py
2026-05-17T19:19:22.403727+00:00 DEBUG 'ansible_navigator.main' onigurumacffi==1.4.1 /home/ansible/.local/lib/python3.9/site-packages/onigurumacffi.py
2026-05-17T19:19:22.403737+00:00 DEBUG 'ansible_navigator.main' packaging==26.2 /home/ansible/.local/lib/python3.9/site-packages/packaging/__init__.py
2026-05-17T19:19:22.403748+00:00 DEBUG 'ansible_navigator.main' pathspec==1.1.1 /home/ansible/.local/lib/python3.9/site-packages/pathspec/__init__.py
2026-05-17T19:19:22.403758+00:00 DEBUG 'ansible_navigator.main' pbr==7.0.3 /home/ansible/.local/lib/python3.9/site-packages/pbr/__init__.py
2026-05-17T19:19:22.403768+00:00 DEBUG 'ansible_navigator.main' perf==0.1 /usr/lib64/python3.9/site-packages/perf.cpython-39-x86_64-linux-gnu.so
2026-05-17T19:19:22.403778+00:00 DEBUG 'ansible_navigator.main' pexpect==4.9.0 /home/ansible/.local/lib/python3.9/site-packages/pexpect/__init__.py
2026-05-17T19:19:22.403789+00:00 DEBUG 'ansible_navigator.main' pip==21.3.1 /usr/lib/python3.9/site-packages/pip/__init__.py
2026-05-17T19:19:22.403799+00:00 DEBUG 'ansible_navigator.main' platformdirs==4.4.0 /home/ansible/.local/lib/python3.9/site-packages/platformdirs/__init__.py
2026-05-17T19:19:22.403810+00:00 DEBUG 'ansible_navigator.main' ply==3.11 /usr/lib/python3.9/site-packages/ply/__init__.py
2026-05-17T19:19:22.403820+00:00 DEBUG 'ansible_navigator.main' ptyprocess==0.7.0 /home/ansible/.local/lib/python3.9/site-packages/ptyprocess/__init__.py
2026-05-17T19:19:22.403830+00:00 DEBUG 'ansible_navigator.main' pycparser==2.20 /usr/lib/python3.9/site-packages/pycparser/__init__.py
2026-05-17T19:19:22.403841+00:00 DEBUG 'ansible_navigator.main' pyinotify==0.9.6 /usr/lib/python3.9/site-packages/pyinotify.py
2026-05-17T19:19:22.403854+00:00 DEBUG 'ansible_navigator.main' pyparsing==2.4.7 /usr/lib/python3.9/site-packages/pyparsing.py
2026-05-17T19:19:22.403864+00:00 DEBUG 'ansible_navigator.main' python-daemon==3.1.2 
2026-05-17T19:19:22.403875+00:00 DEBUG 'ansible_navigator.main' python-dateutil==2.9.0.post0 
2026-05-17T19:19:22.403885+00:00 DEBUG 'ansible_navigator.main' python-linux-procfs==0.7.3 
2026-05-17T19:19:22.403895+00:00 DEBUG 'ansible_navigator.main' pytokens==0.4.1 /home/ansible/.local/lib/python3.9/site-packages/pytokens/__init__.cpython-39-x86_64-linux-gnu.so
2026-05-17T19:19:22.403906+00:00 DEBUG 'ansible_navigator.main' pyudev==0.22.0 /usr/lib/python3.9/site-packages/pyudev/__init__.py
2026-05-17T19:19:22.403916+00:00 DEBUG 'ansible_navigator.main' referencing==0.36.2 /home/ansible/.local/lib/python3.9/site-packages/referencing/__init__.py
2026-05-17T19:19:22.403927+00:00 DEBUG 'ansible_navigator.main' requests==2.25.1 /usr/lib/python3.9/site-packages/requests/__init__.py
2026-05-17T19:19:22.403937+00:00 DEBUG 'ansible_navigator.main' resolvelib==0.5.4 /usr/lib/python3.9/site-packages/resolvelib/__init__.py
2026-05-17T19:19:22.403947+00:00 DEBUG 'ansible_navigator.main' rich==15.0.0 /home/ansible/.local/lib/python3.9/site-packages/rich/__init__.py
2026-05-17T19:19:22.403958+00:00 DEBUG 'ansible_navigator.main' rpds-py==0.27.1 
2026-05-17T19:19:22.403968+00:00 DEBUG 'ansible_navigator.main' ruamel.yaml==0.19.1 /home/ansible/.local/lib/python3.9/site-packages/ruamel/yaml/__init__.py
2026-05-17T19:19:22.403978+00:00 DEBUG 'ansible_navigator.main' selinux==3.6 /usr/lib64/python3.9/site-packages/selinux/__init__.py
2026-05-17T19:19:22.403988+00:00 DEBUG 'ansible_navigator.main' sepolicy==3.6 /usr/lib/python3.9/site-packages/sepolicy/__init__.py
2026-05-17T19:19:22.403999+00:00 DEBUG 'ansible_navigator.main' setools==4.4.4 /usr/lib64/python3.9/site-packages/setools/__init__.py
2026-05-17T19:19:22.404009+00:00 DEBUG 'ansible_navigator.main' setuptools==53.0.0 /usr/lib/python3.9/site-packages/setuptools/__init__.py
2026-05-17T19:19:22.404019+00:00 DEBUG 'ansible_navigator.main' six==1.15.0 /usr/lib/python3.9/site-packages/six.py
2026-05-17T19:19:22.404030+00:00 DEBUG 'ansible_navigator.main' subprocess-tee==0.4.2 
2026-05-17T19:19:22.404040+00:00 DEBUG 'ansible_navigator.main' subscription-manager==1.29.47.1 
2026-05-17T19:19:22.404050+00:00 DEBUG 'ansible_navigator.main' tomli==2.4.1 /home/ansible/.local/lib/python3.9/site-packages/tomli/__init__.py
2026-05-17T19:19:22.404060+00:00 DEBUG 'ansible_navigator.main' typing_extensions==4.15.0 /home/ansible/.local/lib/python3.9/site-packages/typing_extensions.py
2026-05-17T19:19:22.404071+00:00 DEBUG 'ansible_navigator.main' tzdata==2026.2 /home/ansible/.local/lib/python3.9/site-packages/tzdata/__init__.py
2026-05-17T19:19:22.404081+00:00 DEBUG 'ansible_navigator.main' urllib3==1.26.5 /usr/lib/python3.9/site-packages/urllib3/__init__.py
2026-05-17T19:19:22.404091+00:00 DEBUG 'ansible_navigator.main' wcmatch==10.1 /home/ansible/.local/lib/python3.9/site-packages/wcmatch/__init__.py
2026-05-17T19:19:22.404131+00:00 DEBUG 'ansible_navigator.main' yamllint==1.37.1 /home/ansible/.local/lib/python3.9/site-packages/yamllint/__init__.py
2026-05-17T19:19:22.404151+00:00 DEBUG 'ansible_navigator.main' zipp==3.23.1 /home/ansible/.local/lib/python3.9/site-packages/zipp/__init__.py
2026-05-17T19:19:22.404167+00:00 DEBUG 'ansible_navigator.main' Default collection_doc_cache_path set to: /home/ansible/.cache/ansible-navigator/collection_doc_cache.db
2026-05-17T19:19:22.404179+00:00 DEBUG 'ansible_navigator.main' EDITOR environment variable not set
2026-05-17T19:19:22.404190+00:00 DEBUG 'ansible_navigator.main' Default editor_command set to: vi +{line_number} {filename}
2026-05-17T19:19:22.404204+00:00 DEBUG 'ansible_navigator.main' No config file set by ANSIBLE_NAVIGATOR_CONFIG
2026-05-17T19:19:22.404217+00:00 DEBUG 'ansible_navigator.main' Looking in /home/ansible
2026-05-17T19:19:22.404229+00:00 DEBUG 'ansible_navigator.main' Looking for '/home/ansible/.ansible-navigator.yml', '/home/ansible/.ansible-navigator.yaml' and '/home/ansible/.ansible-navigator.json'
2026-05-17T19:19:22.404246+00:00 DEBUG 'ansible_navigator.main' Found 0: 
2026-05-17T19:19:22.404257+00:00 DEBUG 'ansible_navigator.main' Looking in /home/ansible/ansible_proj/ansible_ccat
2026-05-17T19:19:22.404268+00:00 DEBUG 'ansible_navigator.main' Looking for '/home/ansible/ansible_proj/ansible_ccat/ansible-navigator.yml', '/home/ansible/ansible_proj/ansible_ccat/ansible-navigator.yaml' and '/home/ansible/ansible_proj/ansible_ccat/ansible-navigator.json'
2026-05-17T19:19:22.404279+00:00 DEBUG 'ansible_navigator.main' Found 1: '/home/ansible/ansible_proj/ansible_ccat/ansible-navigator.yml'
2026-05-17T19:19:22.404289+00:00 DEBUG 'ansible_navigator.main' All found 1: '/home/ansible/ansible_proj/ansible_ccat/ansible-navigator.yml'
2026-05-17T19:19:22.404300+00:00 DEBUG 'ansible_navigator.main' Using: /home/ansible/ansible_proj/ansible_ccat/ansible-navigator.yml
2026-05-17T19:19:22.404310+00:00 DEBUG 'ansible_navigator.main' Using settings file at /home/ansible/ansible_proj/ansible_ccat/ansible-navigator.yml in search path
2026-05-17T19:19:22.404320+00:00 DEBUG 'ansible_navigator.main' Command provided: 'replay'
2026-05-17T19:19:22.404331+00:00 DEBUG 'ansible_navigator.main' ansible-navigator.ansible-runner.artifact-dir not found in settings file
2026-05-17T19:19:22.404341+00:00 DEBUG 'ansible_navigator.main' ansible-navigator.ansible-runner.rotate-artifacts-count not found in settings file
2026-05-17T19:19:22.404352+00:00 DEBUG 'ansible_navigator.main' ansible-navigator.ansible-runner.timeout not found in settings file
2026-05-17T19:19:22.404363+00:00 DEBUG 'ansible_navigator.main' ansible-navigator.ansible-runner.job-events not found in settings file
2026-05-17T19:19:22.404373+00:00 DEBUG 'ansible_navigator.main' ansible-navigator.app not found in settings file
2026-05-17T19:19:22.404384+00:00 DEBUG 'ansible_navigator.main' ansible-navigator.ansible.cmdline not found in settings file
2026-05-17T19:19:22.404394+00:00 DEBUG 'ansible_navigator.main' ansible-navigator.collection-doc-cache-path not found in settings file
2026-05-17T19:19:22.404404+00:00 DEBUG 'ansible_navigator.main' ansible-navigator.ansible.config.path not found in settings file
2026-05-17T19:19:22.404414+00:00 DEBUG 'ansible_navigator.main' ansible-navigator.execution-environment.container-engine not found in settings file
2026-05-17T19:19:22.404424+00:00 DEBUG 'ansible_navigator.main' ansible-navigator.execution-environment.container-options not found in settings file
2026-05-17T19:19:22.404434+00:00 DEBUG 'ansible_navigator.main' ansible-navigator.color.enable not found in settings file
2026-05-17T19:19:22.404444+00:00 DEBUG 'ansible_navigator.main' ansible-navigator.editor.command not found in settings file
2026-05-17T19:19:22.404454+00:00 DEBUG 'ansible_navigator.main' ansible-navigator.editor.console not found in settings file
2026-05-17T19:19:22.404464+00:00 DEBUG 'ansible_navigator.main' ansible-navigator.enable-prompts not found in settings file
2026-05-17T19:19:22.404475+00:00 DEBUG 'ansible_navigator.main' ansible-navigator.exec.command not found in settings file
2026-05-17T19:19:22.404485+00:00 DEBUG 'ansible_navigator.main' ansible-navigator.exec.shell not found in settings file
2026-05-17T19:19:22.404495+00:00 DEBUG 'ansible_navigator.main' ansible-navigator.execution-environment.enabled not found in settings file
2026-05-17T19:19:22.404505+00:00 DEBUG 'ansible_navigator.main' ansible-navigator.execution-environment.volume-mounts not found in settings file
2026-05-17T19:19:22.404516+00:00 DEBUG 'ansible_navigator.main' ansible-navigator.format not found in settings file
2026-05-17T19:19:22.404526+00:00 DEBUG 'ansible_navigator.main' ansible-navigator.ansible-builder.help not found in settings file
2026-05-17T19:19:22.404536+00:00 DEBUG 'ansible_navigator.main' ansible-navigator.ansible.config.help not found in settings file
2026-05-17T19:19:22.404546+00:00 DEBUG 'ansible_navigator.main' ansible-navigator.ansible.doc.help not found in settings file
2026-05-17T19:19:22.404559+00:00 DEBUG 'ansible_navigator.main' ansible-navigator.ansible.inventory.help not found in settings file
2026-05-17T19:19:22.404570+00:00 DEBUG 'ansible_navigator.main' ansible-navigator.ansible.playbook.help not found in settings file
2026-05-17T19:19:22.404580+00:00 DEBUG 'ansible_navigator.main' ansible-navigator.images.details not found in settings file
2026-05-17T19:19:22.404590+00:00 DEBUG 'ansible_navigator.main' ansible-navigator.ansible.inventory.entries not found in settings file
2026-05-17T19:19:22.404600+00:00 DEBUG 'ansible_navigator.main' ansible-navigator.inventory-columns not found in settings file
2026-05-17T19:19:22.404610+00:00 DEBUG 'ansible_navigator.main' ansible-navigator.ansible-lint.config not found in settings file
2026-05-17T19:19:22.404620+00:00 DEBUG 'ansible_navigator.main' ansible-navigator.ansible-lint.lintables not found in settings file
2026-05-17T19:19:22.404630+00:00 DEBUG 'ansible_navigator.main' ansible-navigator.logging.append not found in settings file
2026-05-17T19:19:22.404641+00:00 DEBUG 'ansible_navigator.main' ansible-navigator.logging.file not found in settings file
2026-05-17T19:19:22.404651+00:00 DEBUG 'ansible_navigator.main' ansible-navigator.logging.level not found in settings file
2026-05-17T19:19:22.404661+00:00 DEBUG 'ansible_navigator.main' ansible-navigator.mode not found in settings file
2026-05-17T19:19:22.404671+00:00 DEBUG 'ansible_navigator.main' ansible-navigator.color.osc4 not found in settings file
2026-05-17T19:19:22.404681+00:00 DEBUG 'ansible_navigator.main' ansible-navigator.execution-environment.environment-variables.pass not found in settings file
2026-05-17T19:19:22.404692+00:00 DEBUG 'ansible_navigator.main' ansible-navigator.ansible.playbook.path not found in settings file
2026-05-17T19:19:22.404702+00:00 DEBUG 'ansible_navigator.main' ansible-navigator.playbook-artifact.replay not found in settings file
2026-05-17T19:19:22.404712+00:00 DEBUG 'ansible_navigator.main' ansible-navigator.playbook-artifact.save-as not found in settings file
2026-05-17T19:19:22.404722+00:00 DEBUG 'ansible_navigator.main' ansible-navigator.ansible.doc.plugin.name not found in settings file
2026-05-17T19:19:22.404732+00:00 DEBUG 'ansible_navigator.main' ansible-navigator.ansible.doc.plugin.type not found in settings file
2026-05-17T19:19:22.404742+00:00 DEBUG 'ansible_navigator.main' ansible-navigator.execution-environment.pull.arguments not found in settings file
2026-05-17T19:19:22.404752+00:00 DEBUG 'ansible_navigator.main' ansible-navigator.execution-environment.environment-variables.set not found in settings file
2026-05-17T19:19:22.404762+00:00 DEBUG 'ansible_navigator.main' ansible-navigator.settings.effective not found in settings file
2026-05-17T19:19:22.404772+00:00 DEBUG 'ansible_navigator.main' ansible-navigator.settings.sample not found in settings file
2026-05-17T19:19:22.404782+00:00 DEBUG 'ansible_navigator.main' ansible-navigator.settings.schema not found in settings file
2026-05-17T19:19:22.404792+00:00 DEBUG 'ansible_navigator.main' ansible-navigator.settings.sources not found in settings file
2026-05-17T19:19:22.404802+00:00 DEBUG 'ansible_navigator.main' ansible-navigator.time-zone not found in settings file
2026-05-17T19:19:22.404813+00:00 DEBUG 'ansible_navigator.main' ansible-navigator.ansible-builder.workdir not found in settings file
2026-05-17T19:19:22.404823+00:00 DEBUG 'ansible_navigator.main' EE support enabled: using current working directory for 'ansible.cfg'
2026-05-17T19:19:22.404833+00:00 INFO 'ansible_navigator.main' EE support enabled: found 'ansible.cfg' in current working directory.
2026-05-17T19:19:22.404843+00:00 DEBUG 'ansible_navigator.main' Completed post processing for ansible_runner_artifact_dir. (changed=False)
2026-05-17T19:19:22.404853+00:00 DEBUG 'ansible_navigator.main' Completed post processing for ansible_runner_rotate_artifacts_count. (changed=False)
2026-05-17T19:19:22.404863+00:00 DEBUG 'ansible_navigator.main' Completed post processing for ansible_runner_timeout. (changed=False)
2026-05-17T19:19:22.404875+00:00 DEBUG 'ansible_navigator.main' Completed post processing for cmdline. (changed=False)
2026-05-17T19:19:22.404886+00:00 DEBUG 'ansible_navigator.main' Completed post processing for collection_doc_cache_path. (changed=False)
2026-05-17T19:19:22.404896+00:00 DEBUG 'ansible_navigator.main' Completed post processing for container_engine. (changed=True)
2026-05-17T19:19:22.404906+00:00 DEBUG 'ansible_navigator.main'  before: 'auto'
2026-05-17T19:19:22.404916+00:00 DEBUG 'ansible_navigator.main'  after: 'podman'
2026-05-17T19:19:22.404926+00:00 DEBUG 'ansible_navigator.main' Completed post processing for container_options. (changed=False)
2026-05-17T19:19:22.404936+00:00 DEBUG 'ansible_navigator.main' Completed post processing for display_color. (changed=False)
2026-05-17T19:19:22.404946+00:00 DEBUG 'ansible_navigator.main' Completed post processing for enable_prompts. (changed=False)
2026-05-17T19:19:22.404956+00:00 DEBUG 'ansible_navigator.main' Completed post processing for execution_environment. (changed=False)
2026-05-17T19:19:22.404966+00:00 DEBUG 'ansible_navigator.main' Completed post processing for execution_environment_image. (changed=False)
2026-05-17T19:19:22.404977+00:00 DEBUG 'ansible_navigator.main' Completed post processing for help_builder. (changed=False)
2026-05-17T19:19:22.404987+00:00 DEBUG 'ansible_navigator.main' Completed post processing for help_config. (changed=False)
2026-05-17T19:19:22.404997+00:00 DEBUG 'ansible_navigator.main' Completed post processing for help_doc. (changed=False)
2026-05-17T19:19:22.405012+00:00 DEBUG 'ansible_navigator.main' Completed post processing for help_inventory. (changed=False)
2026-05-17T19:19:22.405028+00:00 DEBUG 'ansible_navigator.main' Completed post processing for help_playbook. (changed=False)
2026-05-17T19:19:22.405044+00:00 DEBUG 'ansible_navigator.main' Completed post processing for images_details. (changed=False)
2026-05-17T19:19:22.407737+00:00 DEBUG 'ansible_navigator.main' Completed post processing for inventory. (changed=True)
2026-05-17T19:19:22.407755+00:00 DEBUG 'ansible_navigator.main'  before: 'Not set'
2026-05-17T19:19:22.407770+00:00 DEBUG 'ansible_navigator.main'  after: '['/home/ansible/ansible_proj/ansible_ccat/inventory']'
2026-05-17T19:19:22.407782+00:00 DEBUG 'ansible_navigator.main' Completed post processing for inventory_column. (changed=False)
2026-05-17T19:19:22.407794+00:00 DEBUG 'ansible_navigator.main' Completed post processing for log_file. (changed=False)
2026-05-17T19:19:22.407804+00:00 DEBUG 'ansible_navigator.main' Completed post processing for pass_environment_variable. (changed=False)
2026-05-17T19:19:22.407815+00:00 DEBUG 'ansible_navigator.main' Completed post processing for playbook. (changed=False)
2026-05-17T19:19:22.407825+00:00 DEBUG 'ansible_navigator.main' Completed post processing for playbook_artifact_replay. (changed=False)
2026-05-17T19:19:22.407835+00:00 DEBUG 'ansible_navigator.main' Completed post processing for playbook_artifact_save_as. (changed=False)
2026-05-17T19:19:22.407845+00:00 DEBUG 'ansible_navigator.main' Completed post processing for plugin_name. (changed=False)
2026-05-17T19:19:22.407856+00:00 DEBUG 'ansible_navigator.main' Completed post processing for pull_arguments. (changed=False)
2026-05-17T19:19:22.407866+00:00 DEBUG 'ansible_navigator.main' Completed post processing for set_environment_variable. (changed=False)
2026-05-17T19:19:22.407876+00:00 DEBUG 'ansible_navigator.main' Completed post processing for settings_effective. (changed=False)
2026-05-17T19:19:22.407886+00:00 DEBUG 'ansible_navigator.main' Completed post processing for settings_sample. (changed=False)
2026-05-17T19:19:22.407897+00:00 DEBUG 'ansible_navigator.main' Completed post processing for settings_schema. (changed=False)
2026-05-17T19:19:22.407907+00:00 DEBUG 'ansible_navigator.main' Completed post processing for settings_sources. (changed=False)
2026-05-17T19:19:22.407917+00:00 DEBUG 'ansible_navigator.main' Completed post processing for time_zone. (changed=False)
2026-05-17T19:19:22.407927+00:00 DEBUG 'ansible_navigator.main' Completed post processing for execution_environment_volume_mounts. (changed=False)
2026-05-17T19:19:22.407942+00:00 DEBUG 'ansible_navigator.main' Completed post processing for mode. (changed=False)
2026-05-17T19:19:22.407952+00:00 DEBUG 'ansible_navigator.main' Completed post processing for playbook_artifact_enable. (changed=False)
2026-05-17T19:19:22.407965+00:00 WARNING 'ansible_navigator.main' Configuration errors encountered, rolling back to previous configuration.
2026-05-17T19:19:22.407975+00:00 DEBUG 'ansible_navigator.main' Prior to rollback: ansible_runner_artifact_dir = 'Not set' (Constants/Not set)
2026-05-17T19:19:22.407986+00:00 DEBUG 'ansible_navigator.main' Prior to rollback: ansible_runner_rotate_artifacts_count = 'Not set' (Constants/Not set)
2026-05-17T19:19:22.407997+00:00 DEBUG 'ansible_navigator.main' Prior to rollback: ansible_runner_timeout = 'Not set' (Constants/Not set)
2026-05-17T19:19:22.408007+00:00 DEBUG 'ansible_navigator.main' Prior to rollback: ansible_runner_write_job_events = 'False' (bool/Defaults)
2026-05-17T19:19:22.408017+00:00 DEBUG 'ansible_navigator.main' Prior to rollback: app = 'replay' (str/Command line)
2026-05-17T19:19:22.408027+00:00 DEBUG 'ansible_navigator.main' Prior to rollback: cmdline = 'Not set' (Constants/Not set)
2026-05-17T19:19:22.408037+00:00 DEBUG 'ansible_navigator.main' Prior to rollback: collection_doc_cache_path = '/home/ansible/.cache/ansible-navigator/collection_doc_cache.db' (str/Defaults)
2026-05-17T19:19:22.408048+00:00 DEBUG 'ansible_navigator.main' Prior to rollback: config = 'Not set' (Constants/Not set)
2026-05-17T19:19:22.408058+00:00 DEBUG 'ansible_navigator.main' Prior to rollback: container_engine = 'podman' (str/Automatically determined)
2026-05-17T19:19:22.408069+00:00 DEBUG 'ansible_navigator.main' Prior to rollback: container_options = 'Not set' (Constants/Not set)
2026-05-17T19:19:22.408080+00:00 DEBUG 'ansible_navigator.main' Prior to rollback: display_color = 'True' (bool/Defaults)
2026-05-17T19:19:22.408090+00:00 DEBUG 'ansible_navigator.main' Prior to rollback: editor_command = 'vi +{line_number} {filename}' (str/Defaults)
2026-05-17T19:19:22.408100+00:00 DEBUG 'ansible_navigator.main' Prior to rollback: editor_console = 'True' (bool/Defaults)
2026-05-17T19:19:22.408128+00:00 DEBUG 'ansible_navigator.main' Prior to rollback: enable_prompts = 'False' (bool/Defaults)
2026-05-17T19:19:22.408155+00:00 DEBUG 'ansible_navigator.main' Prior to rollback: exec_command = '/bin/bash' (str/Defaults)
2026-05-17T19:19:22.408171+00:00 DEBUG 'ansible_navigator.main' Prior to rollback: exec_shell = 'True' (bool/Defaults)
2026-05-17T19:19:22.408184+00:00 DEBUG 'ansible_navigator.main' Prior to rollback: execution_environment = 'True' (bool/Defaults)
2026-05-17T19:19:22.408195+00:00 DEBUG 'ansible_navigator.main' Prior to rollback: execution_environment_image = 'registry.redhat.io/ansible-automation-platform-24/ee-supported-rhel9:latest' (str/Settings file)
2026-05-17T19:19:22.408207+00:00 DEBUG 'ansible_navigator.main' Prior to rollback: execution_environment_volume_mounts = 'Not set' (Constants/Not set)
2026-05-17T19:19:22.408217+00:00 DEBUG 'ansible_navigator.main' Prior to rollback: format = 'yaml' (str/Defaults)
2026-05-17T19:19:22.408228+00:00 DEBUG 'ansible_navigator.main' Prior to rollback: help_builder = 'False' (bool/Defaults)
2026-05-17T19:19:22.408241+00:00 DEBUG 'ansible_navigator.main' Prior to rollback: help_config = 'False' (bool/Defaults)
2026-05-17T19:19:22.408252+00:00 DEBUG 'ansible_navigator.main' Prior to rollback: help_doc = 'False' (bool/Defaults)
2026-05-17T19:19:22.408263+00:00 DEBUG 'ansible_navigator.main' Prior to rollback: help_inventory = 'False' (bool/Defaults)
2026-05-17T19:19:22.408273+00:00 DEBUG 'ansible_navigator.main' Prior to rollback: help_playbook = 'False' (bool/Defaults)
2026-05-17T19:19:22.408284+00:00 DEBUG 'ansible_navigator.main' Prior to rollback: images_details = '['everything']' (list/Defaults)
2026-05-17T19:19:22.408294+00:00 DEBUG 'ansible_navigator.main' Prior to rollback: inventory = '['/home/ansible/ansible_proj/ansible_ccat/inventory']' (list/Ansible configuration file)
2026-05-17T19:19:22.408309+00:00 DEBUG 'ansible_navigator.main' Prior to rollback: inventory_column = 'Not set' (Constants/Not set)
2026-05-17T19:19:22.408319+00:00 DEBUG 'ansible_navigator.main' Prior to rollback: lint_config = 'Not set' (Constants/Not set)
2026-05-17T19:19:22.408329+00:00 DEBUG 'ansible_navigator.main' Prior to rollback: lintables = 'Not set' (Constants/Not set)
2026-05-17T19:19:22.408339+00:00 DEBUG 'ansible_navigator.main' Prior to rollback: log_append = 'True' (bool/Defaults)
2026-05-17T19:19:22.408350+00:00 DEBUG 'ansible_navigator.main' Prior to rollback: log_file = '/home/ansible/ansible_proj/ansible_ccat/ansible-navigator.log' (str/Defaults)
2026-05-17T19:19:22.408360+00:00 DEBUG 'ansible_navigator.main' Prior to rollback: log_level = 'warning' (str/Defaults)
2026-05-17T19:19:22.408370+00:00 DEBUG 'ansible_navigator.main' Prior to rollback: mode = 'interactive' (str/Defaults)
2026-05-17T19:19:22.408380+00:00 DEBUG 'ansible_navigator.main' Prior to rollback: osc4 = 'True' (bool/Defaults)
2026-05-17T19:19:22.408390+00:00 DEBUG 'ansible_navigator.main' Prior to rollback: pass_environment_variable = 'Not set' (Constants/Not set)
2026-05-17T19:19:22.408400+00:00 DEBUG 'ansible_navigator.main' Prior to rollback: playbook = 'Not set' (Constants/Not set)
2026-05-17T19:19:22.408411+00:00 DEBUG 'ansible_navigator.main' Prior to rollback: playbook_artifact_enable = 'False' (bool/Settings file)
2026-05-17T19:19:22.408421+00:00 DEBUG 'ansible_navigator.main' Prior to rollback: playbook_artifact_replay = 'Not set' (Constants/Not set)
2026-05-17T19:19:22.408431+00:00 DEBUG 'ansible_navigator.main' Prior to rollback: playbook_artifact_save_as = '{playbook_dir}/{playbook_name}-artifact-{time_stamp}.json' (str/Defaults)
2026-05-17T19:19:22.408442+00:00 DEBUG 'ansible_navigator.main' Prior to rollback: plugin_name = 'Not set' (Constants/Not set)
2026-05-17T19:19:22.408452+00:00 DEBUG 'ansible_navigator.main' Prior to rollback: plugin_type = 'module' (str/Defaults)
2026-05-17T19:19:22.408462+00:00 DEBUG 'ansible_navigator.main' Prior to rollback: pull_arguments = 'Not set' (Constants/Not set)
2026-05-17T19:19:22.408472+00:00 DEBUG 'ansible_navigator.main' Prior to rollback: pull_policy = 'missing' (str/Settings file)
2026-05-17T19:19:22.408487+00:00 DEBUG 'ansible_navigator.main' Prior to rollback: set_environment_variable = 'Not set' (Constants/Not set)
2026-05-17T19:19:22.408499+00:00 DEBUG 'ansible_navigator.main' Prior to rollback: settings_effective = 'False' (bool/Defaults)
2026-05-17T19:19:22.408509+00:00 DEBUG 'ansible_navigator.main' Prior to rollback: settings_sample = 'False' (bool/Defaults)
2026-05-17T19:19:22.408519+00:00 DEBUG 'ansible_navigator.main' Prior to rollback: settings_schema = 'json' (str/Defaults)
2026-05-17T19:19:22.408529+00:00 DEBUG 'ansible_navigator.main' Prior to rollback: settings_sources = 'False' (bool/Defaults)
2026-05-17T19:19:22.408539+00:00 DEBUG 'ansible_navigator.main' Prior to rollback: time_zone = 'UTC' (str/Defaults)
2026-05-17T19:19:22.408550+00:00 DEBUG 'ansible_navigator.main' Prior to rollback: workdir = '/home/ansible/ansible_proj/ansible_ccat' (str/Defaults)
2026-05-17T19:19:22.408560+00:00 DEBUG 'ansible_navigator.main' After rollback: ansible_runner_artifact_dir = 'Not set' (Constants/Not set)
2026-05-17T19:19:22.408570+00:00 DEBUG 'ansible_navigator.main' After rollback: ansible_runner_rotate_artifacts_count = 'Not set' (Constants/Not set)
2026-05-17T19:19:22.408580+00:00 DEBUG 'ansible_navigator.main' After rollback: ansible_runner_timeout = 'Not set' (Constants/Not set)
2026-05-17T19:19:22.408590+00:00 DEBUG 'ansible_navigator.main' After rollback: ansible_runner_write_job_events = 'Not set' (Constants/Not set)
2026-05-17T19:19:22.408600+00:00 DEBUG 'ansible_navigator.main' After rollback: app = 'Not set' (Constants/Not set)
2026-05-17T19:19:22.408610+00:00 DEBUG 'ansible_navigator.main' After rollback: cmdline = 'Not set' (Constants/Not set)
2026-05-17T19:19:22.408621+00:00 DEBUG 'ansible_navigator.main' After rollback: collection_doc_cache_path = 'Not set' (Constants/Not set)
2026-05-17T19:19:22.408633+00:00 DEBUG 'ansible_navigator.main' After rollback: config = 'Not set' (Constants/Not set)
2026-05-17T19:19:22.408643+00:00 DEBUG 'ansible_navigator.main' After rollback: container_engine = 'Not set' (Constants/Not set)
2026-05-17T19:19:22.408653+00:00 DEBUG 'ansible_navigator.main' After rollback: container_options = 'Not set' (Constants/Not set)
2026-05-17T19:19:22.408664+00:00 DEBUG 'ansible_navigator.main' After rollback: display_color = 'Not set' (Constants/Not set)
2026-05-17T19:19:22.408674+00:00 DEBUG 'ansible_navigator.main' After rollback: editor_command = 'Not set' (Constants/Not set)
2026-05-17T19:19:22.408684+00:00 DEBUG 'ansible_navigator.main' After rollback: editor_console = 'Not set' (Constants/Not set)
2026-05-17T19:19:22.408694+00:00 DEBUG 'ansible_navigator.main' After rollback: enable_prompts = 'Not set' (Constants/Not set)
2026-05-17T19:19:22.408704+00:00 DEBUG 'ansible_navigator.main' After rollback: exec_command = 'Not set' (Constants/Not set)
2026-05-17T19:19:22.408714+00:00 DEBUG 'ansible_navigator.main' After rollback: exec_shell = 'Not set' (Constants/Not set)
2026-05-17T19:19:22.408724+00:00 DEBUG 'ansible_navigator.main' After rollback: execution_environment = 'Not set' (Constants/Not set)
2026-05-17T19:19:22.408734+00:00 DEBUG 'ansible_navigator.main' After rollback: execution_environment_image = 'Not set' (Constants/Not set)
2026-05-17T19:19:22.408744+00:00 DEBUG 'ansible_navigator.main' After rollback: execution_environment_volume_mounts = 'Not set' (Constants/Not set)
2026-05-17T19:19:22.408754+00:00 DEBUG 'ansible_navigator.main' After rollback: format = 'Not set' (Constants/Not set)
2026-05-17T19:19:22.408764+00:00 DEBUG 'ansible_navigator.main' After rollback: help_builder = 'Not set' (Constants/Not set)
2026-05-17T19:19:22.408774+00:00 DEBUG 'ansible_navigator.main' After rollback: help_config = 'Not set' (Constants/Not set)
2026-05-17T19:19:22.408784+00:00 DEBUG 'ansible_navigator.main' After rollback: help_doc = 'Not set' (Constants/Not set)
2026-05-17T19:19:22.408795+00:00 DEBUG 'ansible_navigator.main' After rollback: help_inventory = 'Not set' (Constants/Not set)
2026-05-17T19:19:22.408805+00:00 DEBUG 'ansible_navigator.main' After rollback: help_playbook = 'Not set' (Constants/Not set)
2026-05-17T19:19:22.408815+00:00 DEBUG 'ansible_navigator.main' After rollback: images_details = 'Not set' (Constants/Not set)
2026-05-17T19:19:22.408825+00:00 DEBUG 'ansible_navigator.main' After rollback: inventory = 'Not set' (Constants/Not set)
2026-05-17T19:19:22.408834+00:00 DEBUG 'ansible_navigator.main' After rollback: inventory_column = 'Not set' (Constants/Not set)
2026-05-17T19:19:22.408845+00:00 DEBUG 'ansible_navigator.main' After rollback: lint_config = 'Not set' (Constants/Not set)
2026-05-17T19:19:22.408855+00:00 DEBUG 'ansible_navigator.main' After rollback: lintables = 'Not set' (Constants/Not set)
2026-05-17T19:19:22.408865+00:00 DEBUG 'ansible_navigator.main' After rollback: log_append = 'Not set' (Constants/Not set)
2026-05-17T19:19:22.408875+00:00 DEBUG 'ansible_navigator.main' After rollback: log_file = 'Not set' (Constants/Not set)
2026-05-17T19:19:22.408885+00:00 DEBUG 'ansible_navigator.main' After rollback: log_level = 'Not set' (Constants/Not set)
2026-05-17T19:19:22.408895+00:00 DEBUG 'ansible_navigator.main' After rollback: mode = 'Not set' (Constants/Not set)
2026-05-17T19:19:22.408905+00:00 DEBUG 'ansible_navigator.main' After rollback: osc4 = 'Not set' (Constants/Not set)
2026-05-17T19:19:22.408916+00:00 DEBUG 'ansible_navigator.main' After rollback: pass_environment_variable = 'Not set' (Constants/Not set)
2026-05-17T19:19:22.408926+00:00 DEBUG 'ansible_navigator.main' After rollback: playbook = 'Not set' (Constants/Not set)
2026-05-17T19:19:22.408936+00:00 DEBUG 'ansible_navigator.main' After rollback: playbook_artifact_enable = 'Not set' (Constants/Not set)
2026-05-17T19:19:22.408946+00:00 DEBUG 'ansible_navigator.main' After rollback: playbook_artifact_replay = 'Not set' (Constants/Not set)
2026-05-17T19:19:22.408958+00:00 DEBUG 'ansible_navigator.main' After rollback: playbook_artifact_save_as = 'Not set' (Constants/Not set)
2026-05-17T19:19:22.408968+00:00 DEBUG 'ansible_navigator.main' After rollback: plugin_name = 'Not set' (Constants/Not set)
2026-05-17T19:19:22.408978+00:00 DEBUG 'ansible_navigator.main' After rollback: plugin_type = 'Not set' (Constants/Not set)
2026-05-17T19:19:22.408989+00:00 DEBUG 'ansible_navigator.main' After rollback: pull_arguments = 'Not set' (Constants/Not set)
2026-05-17T19:19:22.408999+00:00 DEBUG 'ansible_navigator.main' After rollback: pull_policy = 'Not set' (Constants/Not set)
2026-05-17T19:19:22.409009+00:00 DEBUG 'ansible_navigator.main' After rollback: set_environment_variable = 'Not set' (Constants/Not set)
2026-05-17T19:19:22.409019+00:00 DEBUG 'ansible_navigator.main' After rollback: settings_effective = 'Not set' (Constants/Not set)
2026-05-17T19:19:22.409029+00:00 DEBUG 'ansible_navigator.main' After rollback: settings_sample = 'Not set' (Constants/Not set)
2026-05-17T19:19:22.409039+00:00 DEBUG 'ansible_navigator.main' After rollback: settings_schema = 'Not set' (Constants/Not set)
2026-05-17T19:19:22.409049+00:00 DEBUG 'ansible_navigator.main' After rollback: settings_sources = 'Not set' (Constants/Not set)
2026-05-17T19:19:22.409059+00:00 DEBUG 'ansible_navigator.main' After rollback: time_zone = 'Not set' (Constants/Not set)
2026-05-17T19:19:22.409070+00:00 DEBUG 'ansible_navigator.main' After rollback: workdir = 'Not set' (Constants/Not set)
2026-05-17T19:19:22.409080+00:00 DEBUG 'ansible_navigator.main' Configuration rollback complete.
2026-05-17T19:19:22.409090+00:00 DEBUG 'ansible_navigator.main' Collection doc cache not mounted
2026-05-17T19:19:22.409105+00:00 WARNING 'ansible_navigator.main' Issues were found while applying the settings.
2026-05-17T19:19:22.409118+00:00 INFO 'ansible_navigator.main' Command provided: 'replay'
2026-05-17T19:19:22.409132+00:00 ERROR 'ansible_navigator.main' An playbook artifact file is required when using the replay subcommand
2026-05-17T19:19:22.409144+00:00 INFO 'ansible_navigator.main' Try again with 'replay <path to playbook artifact>'
2026-05-17T19:19:22.409155+00:00 INFO 'ansible_navigator.main' Configuration failed, using default log file location. (/home/ansible/ansible_proj/ansible_ccat/ansible-navigator.log) Log level set to debug
2026-05-17T19:19:22.409167+00:00 INFO 'ansible_navigator.main' Review the hints and log file to see what went wrong.
2026-05-17T19:19:39.655038+00:00 ERROR 'ansible_navigator.actions.run_replay._init_replay' Unable to parse artifact file
2026-05-17T19:20:46.069205+00:00 ERROR 'ansible_navigator.actions.collections._parse' /usr/share/ansible/collections/ansible_collections/cloud/terraform/roles/git_plan/meta/main.yml Failed to find main.yml for role in cloud.terraform.
2026-05-17T19:20:46.069453+00:00 ERROR 'ansible_navigator.actions.collections._parse' /usr/share/ansible/collections/ansible_collections/cloud/terraform/roles/inventory_from_outputs/meta/main.yml Failed to find main.yml for role in cloud.terraform.
2026-05-17T19:20:46.069471+00:00 ERROR 'ansible_navigator.actions.collections._parse' /usr/share/ansible/collections/ansible_collections/redhat/insights/roles/compliance/meta/argument_specs.yml Failed to find argument_specs.yml for role in redhat.insights.
2026-05-17T19:20:46.069483+00:00 ERROR 'ansible_navigator.actions.collections._parse' /usr/share/ansible/collections/ansible_collections/redhat/insights/roles/insights_client/meta/argument_specs.yml Failed to find argument_specs.yml for role in redhat.insights.
2026-05-17T19:20:46.069494+00:00 ERROR 'ansible_navigator.actions.collections._parse' /usr/share/ansible/collections/ansible_collections/redhat/redhat_csp_download/roles/redhat_csp_download/meta/argument_specs.yml Failed to find argument_specs.yml for role in redhat.redhat_csp_download.
2026-05-17T19:20:46.069504+00:00 ERROR 'ansible_navigator.actions.collections._parse' /usr/share/ansible/collections/ansible_collections/redhat/redhat_csp_download/roles/redhat_csp_download/meta/main.yml Failed to find main.yml for role in redhat.redhat_csp_download.
2026-05-17T19:20:46.069516+00:00 ERROR 'ansible_navigator.actions.collections._parse' /usr/share/ansible/collections/ansible_collections/redhat/rhel_idm/roles/ipabackup/meta/argument_specs.yml Failed to find argument_specs.yml for role in redhat.rhel_idm.
2026-05-17T19:20:46.069525+00:00 ERROR 'ansible_navigator.actions.collections._parse' /usr/share/ansible/collections/ansible_collections/redhat/rhel_idm/roles/ipaclient/meta/argument_specs.yml Failed to find argument_specs.yml for role in redhat.rhel_idm.
2026-05-17T19:20:46.069534+00:00 ERROR 'ansible_navigator.actions.collections._parse' /usr/share/ansible/collections/ansible_collections/redhat/rhel_idm/roles/ipareplica/meta/argument_specs.yml Failed to find argument_specs.yml for role in redhat.rhel_idm.
2026-05-17T19:20:46.069543+00:00 ERROR 'ansible_navigator.actions.collections._parse' /usr/share/ansible/collections/ansible_collections/redhat/rhel_idm/roles/ipaserver/meta/argument_specs.yml Failed to find argument_specs.yml for role in redhat.rhel_idm.
2026-05-17T19:20:46.069552+00:00 ERROR 'ansible_navigator.actions.collections._parse' /usr/share/ansible/collections/ansible_collections/redhat/rhel_idm/roles/ipasmartcard_client/meta/argument_specs.yml Failed to find argument_specs.yml for role in redhat.rhel_idm.
2026-05-17T19:20:46.069561+00:00 ERROR 'ansible_navigator.actions.collections._parse' /usr/share/ansible/collections/ansible_collections/redhat/rhel_idm/roles/ipasmartcard_server/meta/argument_specs.yml Failed to find argument_specs.yml for role in redhat.rhel_idm.
2026-05-17T19:20:46.069570+00:00 ERROR 'ansible_navigator.actions.collections._parse' /usr/share/ansible/collections/ansible_collections/redhat/rhel_system_roles/roles/ad_integration/meta/argument_specs.yml Failed to find argument_specs.yml for role in redhat.rhel_system_roles.
2026-05-17T19:20:46.069579+00:00 ERROR 'ansible_navigator.actions.collections._parse' /usr/share/ansible/collections/ansible_collections/redhat/rhel_system_roles/roles/aide/meta/argument_specs.yml Failed to find argument_specs.yml for role in redhat.rhel_system_roles.
2026-05-17T19:20:46.069588+00:00 ERROR 'ansible_navigator.actions.collections._parse' /usr/share/ansible/collections/ansible_collections/redhat/rhel_system_roles/roles/bootloader/meta/argument_specs.yml Failed to find argument_specs.yml for role in redhat.rhel_system_roles.
2026-05-17T19:20:46.069597+00:00 ERROR 'ansible_navigator.actions.collections._parse' /usr/share/ansible/collections/ansible_collections/redhat/rhel_system_roles/roles/certificate/meta/argument_specs.yml Failed to find argument_specs.yml for role in redhat.rhel_system_roles.
2026-05-17T19:20:46.069605+00:00 ERROR 'ansible_navigator.actions.collections._parse' /usr/share/ansible/collections/ansible_collections/redhat/rhel_system_roles/roles/cockpit/meta/argument_specs.yml Failed to find argument_specs.yml for role in redhat.rhel_system_roles.
2026-05-17T19:20:46.069614+00:00 ERROR 'ansible_navigator.actions.collections._parse' /usr/share/ansible/collections/ansible_collections/redhat/rhel_system_roles/roles/crypto_policies/meta/argument_specs.yml Failed to find argument_specs.yml for role in redhat.rhel_system_roles.
2026-05-17T19:20:46.069623+00:00 ERROR 'ansible_navigator.actions.collections._parse' /usr/share/ansible/collections/ansible_collections/redhat/rhel_system_roles/roles/fapolicyd/meta/argument_specs.yml Failed to find argument_specs.yml for role in redhat.rhel_system_roles.
2026-05-17T19:20:46.069631+00:00 ERROR 'ansible_navigator.actions.collections._parse' /usr/share/ansible/collections/ansible_collections/redhat/rhel_system_roles/roles/firewall/meta/argument_specs.yml Failed to find argument_specs.yml for role in redhat.rhel_system_roles.
2026-05-17T19:20:46.069640+00:00 ERROR 'ansible_navigator.actions.collections._parse' /usr/share/ansible/collections/ansible_collections/redhat/rhel_system_roles/roles/ha_cluster/meta/argument_specs.yml Failed to find argument_specs.yml for role in redhat.rhel_system_roles.
2026-05-17T19:20:46.069651+00:00 ERROR 'ansible_navigator.actions.collections._parse' /usr/share/ansible/collections/ansible_collections/redhat/rhel_system_roles/roles/journald/meta/argument_specs.yml Failed to find argument_specs.yml for role in redhat.rhel_system_roles.
2026-05-17T19:20:46.069660+00:00 ERROR 'ansible_navigator.actions.collections._parse' /usr/share/ansible/collections/ansible_collections/redhat/rhel_system_roles/roles/kdump/meta/argument_specs.yml Failed to find argument_specs.yml for role in redhat.rhel_system_roles.
2026-05-17T19:20:46.069669+00:00 ERROR 'ansible_navigator.actions.collections._parse' /usr/share/ansible/collections/ansible_collections/redhat/rhel_system_roles/roles/kernel_settings/meta/argument_specs.yml Failed to find argument_specs.yml for role in redhat.rhel_system_roles.
2026-05-17T19:20:46.069678+00:00 ERROR 'ansible_navigator.actions.collections._parse' /usr/share/ansible/collections/ansible_collections/redhat/rhel_system_roles/roles/keylime_server/meta/argument_specs.yml Failed to find argument_specs.yml for role in redhat.rhel_system_roles.
2026-05-17T19:20:46.069687+00:00 ERROR 'ansible_navigator.actions.collections._parse' /usr/share/ansible/collections/ansible_collections/redhat/rhel_system_roles/roles/logging/meta/argument_specs.yml Failed to find argument_specs.yml for role in redhat.rhel_system_roles.
2026-05-17T19:20:46.069695+00:00 ERROR 'ansible_navigator.actions.collections._parse' /usr/share/ansible/collections/ansible_collections/redhat/rhel_system_roles/roles/metrics/meta/argument_specs.yml Failed to find argument_specs.yml for role in redhat.rhel_system_roles.
2026-05-17T19:20:46.069704+00:00 ERROR 'ansible_navigator.actions.collections._parse' /usr/share/ansible/collections/ansible_collections/redhat/rhel_system_roles/roles/nbde_client/meta/argument_specs.yml Failed to find argument_specs.yml for role in redhat.rhel_system_roles.
2026-05-17T19:20:46.069713+00:00 ERROR 'ansible_navigator.actions.collections._parse' /usr/share/ansible/collections/ansible_collections/redhat/rhel_system_roles/roles/nbde_server/meta/argument_specs.yml Failed to find argument_specs.yml for role in redhat.rhel_system_roles.
2026-05-17T19:20:46.069722+00:00 ERROR 'ansible_navigator.actions.collections._parse' /usr/share/ansible/collections/ansible_collections/redhat/rhel_system_roles/roles/network/meta/argument_specs.yml Failed to find argument_specs.yml for role in redhat.rhel_system_roles.
2026-05-17T19:20:46.069731+00:00 ERROR 'ansible_navigator.actions.collections._parse' /usr/share/ansible/collections/ansible_collections/redhat/rhel_system_roles/roles/podman/meta/argument_specs.yml Failed to find argument_specs.yml for role in redhat.rhel_system_roles.
2026-05-17T19:20:46.069743+00:00 ERROR 'ansible_navigator.actions.collections._parse' /usr/share/ansible/collections/ansible_collections/redhat/rhel_system_roles/roles/postfix/meta/argument_specs.yml Failed to find argument_specs.yml for role in redhat.rhel_system_roles.
2026-05-17T19:20:46.069752+00:00 ERROR 'ansible_navigator.actions.collections._parse' /usr/share/ansible/collections/ansible_collections/redhat/rhel_system_roles/roles/postgresql/meta/argument_specs.yml Failed to find argument_specs.yml for role in redhat.rhel_system_roles.
2026-05-17T19:20:46.069761+00:00 ERROR 'ansible_navigator.actions.collections._parse' /usr/share/ansible/collections/ansible_collections/redhat/rhel_system_roles/roles/private_logging_subrole_rsyslog/meta/argument_specs.yml Failed to find argument_specs.yml for role in redhat.rhel_system_roles.
2026-05-17T19:20:46.069769+00:00 ERROR 'ansible_navigator.actions.collections._parse' /usr/share/ansible/collections/ansible_collections/redhat/rhel_system_roles/roles/private_metrics_subrole_bpftrace/meta/argument_specs.yml Failed to find argument_specs.yml for role in redhat.rhel_system_roles.
2026-05-17T19:20:46.069778+00:00 ERROR 'ansible_navigator.actions.collections._parse' /usr/share/ansible/collections/ansible_collections/redhat/rhel_system_roles/roles/private_metrics_subrole_elasticsearch/meta/argument_specs.yml Failed to find argument_specs.yml for role in redhat.rhel_system_roles.
2026-05-17T19:20:46.069789+00:00 ERROR 'ansible_navigator.actions.collections._parse' /usr/share/ansible/collections/ansible_collections/redhat/rhel_system_roles/roles/private_metrics_subrole_grafana/meta/argument_specs.yml Failed to find argument_specs.yml for role in redhat.rhel_system_roles.
2026-05-17T19:20:46.069797+00:00 ERROR 'ansible_navigator.actions.collections._parse' /usr/share/ansible/collections/ansible_collections/redhat/rhel_system_roles/roles/private_metrics_subrole_keyserver/meta/argument_specs.yml Failed to find argument_specs.yml for role in redhat.rhel_system_roles.
2026-05-17T19:20:46.069806+00:00 ERROR 'ansible_navigator.actions.collections._parse' /usr/share/ansible/collections/ansible_collections/redhat/rhel_system_roles/roles/private_metrics_subrole_mssql/meta/argument_specs.yml Failed to find argument_specs.yml for role in redhat.rhel_system_roles.
2026-05-17T19:20:46.069815+00:00 ERROR 'ansible_navigator.actions.collections._parse' /usr/share/ansible/collections/ansible_collections/redhat/rhel_system_roles/roles/private_metrics_subrole_pcp/meta/argument_specs.yml Failed to find argument_specs.yml for role in redhat.rhel_system_roles.
2026-05-17T19:20:46.069824+00:00 ERROR 'ansible_navigator.actions.collections._parse' /usr/share/ansible/collections/ansible_collections/redhat/rhel_system_roles/roles/private_metrics_subrole_postfix/meta/argument_specs.yml Failed to find argument_specs.yml for role in redhat.rhel_system_roles.
2026-05-17T19:20:46.069832+00:00 ERROR 'ansible_navigator.actions.collections._parse' /usr/share/ansible/collections/ansible_collections/redhat/rhel_system_roles/roles/private_metrics_subrole_repository/meta/argument_specs.yml Failed to find argument_specs.yml for role in redhat.rhel_system_roles.
2026-05-17T19:20:46.069841+00:00 ERROR 'ansible_navigator.actions.collections._parse' /usr/share/ansible/collections/ansible_collections/redhat/rhel_system_roles/roles/private_metrics_subrole_spark/meta/argument_specs.yml Failed to find argument_specs.yml for role in redhat.rhel_system_roles.
2026-05-17T19:20:46.069849+00:00 ERROR 'ansible_navigator.actions.collections._parse' /usr/share/ansible/collections/ansible_collections/redhat/rhel_system_roles/roles/rhc/meta/argument_specs.yml Failed to find argument_specs.yml for role in redhat.rhel_system_roles.
2026-05-17T19:20:46.069858+00:00 ERROR 'ansible_navigator.actions.collections._parse' /usr/share/ansible/collections/ansible_collections/redhat/rhel_system_roles/roles/selinux/meta/argument_specs.yml Failed to find argument_specs.yml for role in redhat.rhel_system_roles.
2026-05-17T19:20:46.069866+00:00 ERROR 'ansible_navigator.actions.collections._parse' /usr/share/ansible/collections/ansible_collections/redhat/rhel_system_roles/roles/snapshot/meta/argument_specs.yml Failed to find argument_specs.yml for role in redhat.rhel_system_roles.
2026-05-17T19:20:46.069875+00:00 ERROR 'ansible_navigator.actions.collections._parse' /usr/share/ansible/collections/ansible_collections/redhat/rhel_system_roles/roles/ssh/meta/argument_specs.yml Failed to find argument_specs.yml for role in redhat.rhel_system_roles.
2026-05-17T19:20:46.069884+00:00 ERROR 'ansible_navigator.actions.collections._parse' /usr/share/ansible/collections/ansible_collections/redhat/rhel_system_roles/roles/sshd/meta/argument_specs.yml Failed to find argument_specs.yml for role in redhat.rhel_system_roles.
2026-05-17T19:20:46.069892+00:00 ERROR 'ansible_navigator.actions.collections._parse' /usr/share/ansible/collections/ansible_collections/redhat/rhel_system_roles/roles/storage/meta/argument_specs.yml Failed to find argument_specs.yml for role in redhat.rhel_system_roles.
2026-05-17T19:20:46.069901+00:00 ERROR 'ansible_navigator.actions.collections._parse' /usr/share/ansible/collections/ansible_collections/redhat/rhel_system_roles/roles/sudo/meta/argument_specs.yml Failed to find argument_specs.yml for role in redhat.rhel_system_roles.
2026-05-17T19:20:46.069912+00:00 ERROR 'ansible_navigator.actions.collections._parse' /usr/share/ansible/collections/ansible_collections/redhat/rhel_system_roles/roles/systemd/meta/argument_specs.yml Failed to find argument_specs.yml for role in redhat.rhel_system_roles.
2026-05-17T19:20:46.069921+00:00 ERROR 'ansible_navigator.actions.collections._parse' /usr/share/ansible/collections/ansible_collections/redhat/rhel_system_roles/roles/timesync/meta/argument_specs.yml Failed to find argument_specs.yml for role in redhat.rhel_system_roles.
2026-05-17T19:20:46.069929+00:00 ERROR 'ansible_navigator.actions.collections._parse' /usr/share/ansible/collections/ansible_collections/redhat/rhel_system_roles/roles/tlog/meta/argument_specs.yml Failed to find argument_specs.yml for role in redhat.rhel_system_roles.
2026-05-17T19:20:46.069938+00:00 ERROR 'ansible_navigator.actions.collections._parse' /usr/share/ansible/collections/ansible_collections/redhat/rhel_system_roles/roles/vpn/meta/argument_specs.yml Failed to find argument_specs.yml for role in redhat.rhel_system_roles.
2026-05-17T19:20:46.069947+00:00 ERROR 'ansible_navigator.actions.collections._parse' /usr/share/ansible/collections/ansible_collections/redhat/rhv/roles/cluster_upgrade/meta/argument_specs.yml Failed to find argument_specs.yml for role in redhat.rhv.
2026-05-17T19:20:46.069956+00:00 ERROR 'ansible_navigator.actions.collections._parse' /usr/share/ansible/collections/ansible_collections/redhat/rhv/roles/cluster_upgrade/meta/main.yml Failed to find main.yml for role in redhat.rhv.
2026-05-17T19:20:46.069965+00:00 ERROR 'ansible_navigator.actions.collections._parse' /usr/share/ansible/collections/ansible_collections/redhat/rhv/roles/disaster_recovery/meta/argument_specs.yml Failed to find argument_specs.yml for role in redhat.rhv.
2026-05-17T19:20:46.069973+00:00 ERROR 'ansible_navigator.actions.collections._parse' /usr/share/ansible/collections/ansible_collections/redhat/rhv/roles/disaster_recovery/meta/main.yml Failed to find main.yml for role in redhat.rhv.
2026-05-17T19:20:46.069982+00:00 ERROR 'ansible_navigator.actions.collections._parse' /usr/share/ansible/collections/ansible_collections/redhat/rhv/roles/engine_setup/meta/argument_specs.yml Failed to find argument_specs.yml for role in redhat.rhv.
2026-05-17T19:20:46.069991+00:00 ERROR 'ansible_navigator.actions.collections._parse' /usr/share/ansible/collections/ansible_collections/redhat/rhv/roles/engine_setup/meta/main.yml Failed to find main.yml for role in redhat.rhv.
2026-05-17T19:20:46.070000+00:00 ERROR 'ansible_navigator.actions.collections._parse' /usr/share/ansible/collections/ansible_collections/redhat/rhv/roles/hosted_engine_setup/meta/argument_specs.yml Failed to find argument_specs.yml for role in redhat.rhv.
2026-05-17T19:20:46.070008+00:00 ERROR 'ansible_navigator.actions.collections._parse' /usr/share/ansible/collections/ansible_collections/redhat/rhv/roles/hosted_engine_setup/meta/main.yml Failed to find main.yml for role in redhat.rhv.
2026-05-17T19:20:46.070017+00:00 ERROR 'ansible_navigator.actions.collections._parse' /usr/share/ansible/collections/ansible_collections/redhat/rhv/roles/image_template/meta/argument_specs.yml Failed to find argument_specs.yml for role in redhat.rhv.
2026-05-17T19:20:46.070025+00:00 ERROR 'ansible_navigator.actions.collections._parse' /usr/share/ansible/collections/ansible_collections/redhat/rhv/roles/image_template/meta/main.yml Failed to find main.yml for role in redhat.rhv.
2026-05-17T19:20:46.070034+00:00 ERROR 'ansible_navigator.actions.collections._parse' /usr/share/ansible/collections/ansible_collections/redhat/rhv/roles/infra/meta/argument_specs.yml Failed to find argument_specs.yml for role in redhat.rhv.
2026-05-17T19:20:46.070043+00:00 ERROR 'ansible_navigator.actions.collections._parse' /usr/share/ansible/collections/ansible_collections/redhat/rhv/roles/infra/meta/main.yml Failed to find main.yml for role in redhat.rhv.
2026-05-17T19:20:46.070052+00:00 ERROR 'ansible_navigator.actions.collections._parse' /usr/share/ansible/collections/ansible_collections/redhat/rhv/roles/remove_stale_lun/meta/argument_specs.yml Failed to find argument_specs.yml for role in redhat.rhv.
2026-05-17T19:20:46.070064+00:00 ERROR 'ansible_navigator.actions.collections._parse' /usr/share/ansible/collections/ansible_collections/redhat/rhv/roles/remove_stale_lun/meta/main.yml Failed to find main.yml for role in redhat.rhv.
2026-05-17T19:20:46.070073+00:00 ERROR 'ansible_navigator.actions.collections._parse' /usr/share/ansible/collections/ansible_collections/redhat/rhv/roles/repositories/meta/argument_specs.yml Failed to find argument_specs.yml for role in redhat.rhv.
2026-05-17T19:20:46.070081+00:00 ERROR 'ansible_navigator.actions.collections._parse' /usr/share/ansible/collections/ansible_collections/redhat/rhv/roles/repositories/meta/main.yml Failed to find main.yml for role in redhat.rhv.
2026-05-17T19:20:46.070090+00:00 ERROR 'ansible_navigator.actions.collections._parse' /usr/share/ansible/collections/ansible_collections/redhat/rhv/roles/shutdown_env/meta/argument_specs.yml Failed to find argument_specs.yml for role in redhat.rhv.
2026-05-17T19:20:46.070099+00:00 ERROR 'ansible_navigator.actions.collections._parse' /usr/share/ansible/collections/ansible_collections/redhat/rhv/roles/shutdown_env/meta/main.yml Failed to find main.yml for role in redhat.rhv.
2026-05-17T19:20:46.070107+00:00 ERROR 'ansible_navigator.actions.collections._parse' /usr/share/ansible/collections/ansible_collections/redhat/rhv/roles/vm_infra/meta/argument_specs.yml Failed to find argument_specs.yml for role in redhat.rhv.
2026-05-17T19:20:46.070116+00:00 ERROR 'ansible_navigator.actions.collections._parse' /usr/share/ansible/collections/ansible_collections/redhat/rhv/roles/vm_infra/meta/main.yml Failed to find main.yml for role in redhat.rhv.
2026-05-17T19:20:46.070125+00:00 ERROR 'ansible_navigator.actions.collections._parse' /usr/share/ansible/collections/ansible_collections/redhat/sap_install/roles/sap_general_preconfigure/meta/argument_specs.yml Failed to find argument_specs.yml for role in redhat.sap_install.
2026-05-17T19:20:46.070134+00:00 ERROR 'ansible_navigator.actions.collections._parse' /usr/share/ansible/collections/ansible_collections/redhat/sap_install/roles/sap_ha_install_hana_hsr/meta/argument_specs.yml Failed to find argument_specs.yml for role in redhat.sap_install.
2026-05-17T19:20:46.070143+00:00 ERROR 'ansible_navigator.actions.collections._parse' /usr/share/ansible/collections/ansible_collections/redhat/sap_install/roles/sap_hana_preconfigure/meta/argument_specs.yml Failed to find argument_specs.yml for role in redhat.sap_install.
2026-05-17T19:20:46.070151+00:00 ERROR 'ansible_navigator.actions.collections._parse' /usr/share/ansible/collections/ansible_collections/redhat/sap_install/roles/sap_netweaver_preconfigure/meta/argument_specs.yml Failed to find argument_specs.yml for role in redhat.sap_install.
2026-05-17T19:20:46.070160+00:00 ERROR 'ansible_navigator.actions.collections._parse' /usr/share/ansible/collections/ansible_collections/redhat/sap_install/roles/sap_swpm/meta/argument_specs.yml Failed to find argument_specs.yml for role in redhat.sap_install.
2026-05-17T19:20:46.070169+00:00 ERROR 'ansible_navigator.actions.collections._parse' /usr/share/ansible/collections/ansible_collections/redhat/satellite/roles/activation_keys/meta/argument_specs.yml Failed to find argument_specs.yml for role in redhat.satellite.
2026-05-17T19:20:46.070178+00:00 ERROR 'ansible_navigator.actions.collections._parse' /usr/share/ansible/collections/ansible_collections/redhat/satellite/roles/activation_keys/meta/main.yml Failed to find main.yml for role in redhat.satellite.
2026-05-17T19:20:46.070186+00:00 ERROR 'ansible_navigator.actions.collections._parse' /usr/share/ansible/collections/ansible_collections/redhat/satellite/roles/auth_sources_ldap/meta/argument_specs.yml Failed to find argument_specs.yml for role in redhat.satellite.
2026-05-17T19:20:46.070195+00:00 ERROR 'ansible_navigator.actions.collections._parse' /usr/share/ansible/collections/ansible_collections/redhat/satellite/roles/auth_sources_ldap/meta/main.yml Failed to find main.yml for role in redhat.satellite.
2026-05-17T19:20:46.070205+00:00 ERROR 'ansible_navigator.actions.collections._parse' /usr/share/ansible/collections/ansible_collections/redhat/satellite/roles/compute_profiles/meta/argument_specs.yml Failed to find argument_specs.yml for role in redhat.satellite.
2026-05-17T19:20:46.070214+00:00 ERROR 'ansible_navigator.actions.collections._parse' /usr/share/ansible/collections/ansible_collections/redhat/satellite/roles/compute_profiles/meta/main.yml Failed to find main.yml for role in redhat.satellite.
2026-05-17T19:20:46.070223+00:00 ERROR 'ansible_navigator.actions.collections._parse' /usr/share/ansible/collections/ansible_collections/redhat/satellite/roles/compute_resources/meta/argument_specs.yml Failed to find argument_specs.yml for role in redhat.satellite.
2026-05-17T19:20:46.070231+00:00 ERROR 'ansible_navigator.actions.collections._parse' /usr/share/ansible/collections/ansible_collections/redhat/satellite/roles/compute_resources/meta/main.yml Failed to find main.yml for role in redhat.satellite.
2026-05-17T19:20:46.070240+00:00 ERROR 'ansible_navigator.actions.collections._parse' /usr/share/ansible/collections/ansible_collections/redhat/satellite/roles/content_credentials/meta/argument_specs.yml Failed to find argument_specs.yml for role in redhat.satellite.
2026-05-17T19:20:46.070249+00:00 ERROR 'ansible_navigator.actions.collections._parse' /usr/share/ansible/collections/ansible_collections/redhat/satellite/roles/content_credentials/meta/main.yml Failed to find main.yml for role in redhat.satellite.
2026-05-17T19:20:46.070257+00:00 ERROR 'ansible_navigator.actions.collections._parse' /usr/share/ansible/collections/ansible_collections/redhat/satellite/roles/content_rhel/meta/argument_specs.yml Failed to find argument_specs.yml for role in redhat.satellite.
2026-05-17T19:20:46.070266+00:00 ERROR 'ansible_navigator.actions.collections._parse' /usr/share/ansible/collections/ansible_collections/redhat/satellite/roles/content_rhel/meta/main.yml Failed to find main.yml for role in redhat.satellite.
2026-05-17T19:20:46.070275+00:00 ERROR 'ansible_navigator.actions.collections._parse' /usr/share/ansible/collections/ansible_collections/redhat/satellite/roles/content_view_publish/meta/argument_specs.yml Failed to find argument_specs.yml for role in redhat.satellite.
2026-05-17T19:20:46.070284+00:00 ERROR 'ansible_navigator.actions.collections._parse' /usr/share/ansible/collections/ansible_collections/redhat/satellite/roles/content_view_publish/meta/main.yml Failed to find main.yml for role in redhat.satellite.
2026-05-17T19:20:46.070292+00:00 ERROR 'ansible_navigator.actions.collections._parse' /usr/share/ansible/collections/ansible_collections/redhat/satellite/roles/content_view_version_cleanup/meta/argument_specs.yml Failed to find argument_specs.yml for role in redhat.satellite.
2026-05-17T19:20:46.070301+00:00 ERROR 'ansible_navigator.actions.collections._parse' /usr/share/ansible/collections/ansible_collections/redhat/satellite/roles/content_view_version_cleanup/meta/main.yml Failed to find main.yml for role in redhat.satellite.
2026-05-17T19:20:46.070310+00:00 ERROR 'ansible_navigator.actions.collections._parse' /usr/share/ansible/collections/ansible_collections/redhat/satellite/roles/content_views/meta/argument_specs.yml Failed to find argument_specs.yml for role in redhat.satellite.
2026-05-17T19:20:46.070319+00:00 ERROR 'ansible_navigator.actions.collections._parse' /usr/share/ansible/collections/ansible_collections/redhat/satellite/roles/content_views/meta/main.yml Failed to find main.yml for role in redhat.satellite.
2026-05-17T19:20:46.070327+00:00 ERROR 'ansible_navigator.actions.collections._parse' /usr/share/ansible/collections/ansible_collections/redhat/satellite/roles/convert2rhel/meta/argument_specs.yml Failed to find argument_specs.yml for role in redhat.satellite.
2026-05-17T19:20:46.070336+00:00 ERROR 'ansible_navigator.actions.collections._parse' /usr/share/ansible/collections/ansible_collections/redhat/satellite/roles/convert2rhel/meta/main.yml Failed to find main.yml for role in redhat.satellite.
2026-05-17T19:20:46.070346+00:00 ERROR 'ansible_navigator.actions.collections._parse' /usr/share/ansible/collections/ansible_collections/redhat/satellite/roles/domains/meta/argument_specs.yml Failed to find argument_specs.yml for role in redhat.satellite.
2026-05-17T19:20:46.070355+00:00 ERROR 'ansible_navigator.actions.collections._parse' /usr/share/ansible/collections/ansible_collections/redhat/satellite/roles/domains/meta/main.yml Failed to find main.yml for role in redhat.satellite.
2026-05-17T19:20:46.070363+00:00 ERROR 'ansible_navigator.actions.collections._parse' /usr/share/ansible/collections/ansible_collections/redhat/satellite/roles/hostgroups/meta/argument_specs.yml Failed to find argument_specs.yml for role in redhat.satellite.
2026-05-17T19:20:46.070372+00:00 ERROR 'ansible_navigator.actions.collections._parse' /usr/share/ansible/collections/ansible_collections/redhat/satellite/roles/hostgroups/meta/main.yml Failed to find main.yml for role in redhat.satellite.
2026-05-17T19:20:46.070380+00:00 ERROR 'ansible_navigator.actions.collections._parse' /usr/share/ansible/collections/ansible_collections/redhat/satellite/roles/lifecycle_environments/meta/argument_specs.yml Failed to find argument_specs.yml for role in redhat.satellite.
2026-05-17T19:20:46.070389+00:00 ERROR 'ansible_navigator.actions.collections._parse' /usr/share/ansible/collections/ansible_collections/redhat/satellite/roles/lifecycle_environments/meta/main.yml Failed to find main.yml for role in redhat.satellite.
2026-05-17T19:20:46.070398+00:00 ERROR 'ansible_navigator.actions.collections._parse' /usr/share/ansible/collections/ansible_collections/redhat/satellite/roles/locations/meta/argument_specs.yml Failed to find argument_specs.yml for role in redhat.satellite.
2026-05-17T19:20:46.070432+00:00 ERROR 'ansible_navigator.actions.collections._parse' /usr/share/ansible/collections/ansible_collections/redhat/satellite/roles/locations/meta/main.yml Failed to find main.yml for role in redhat.satellite.
2026-05-17T19:20:46.070451+00:00 ERROR 'ansible_navigator.actions.collections._parse' /usr/share/ansible/collections/ansible_collections/redhat/satellite/roles/manifest/meta/argument_specs.yml Failed to find argument_specs.yml for role in redhat.satellite.
2026-05-17T19:20:46.070464+00:00 ERROR 'ansible_navigator.actions.collections._parse' /usr/share/ansible/collections/ansible_collections/redhat/satellite/roles/manifest/meta/main.yml Failed to find main.yml for role in redhat.satellite.
2026-05-17T19:20:46.070475+00:00 ERROR 'ansible_navigator.actions.collections._parse' /usr/share/ansible/collections/ansible_collections/redhat/satellite/roles/operatingsystems/meta/argument_specs.yml Failed to find argument_specs.yml for role in redhat.satellite.
2026-05-17T19:20:46.070485+00:00 ERROR 'ansible_navigator.actions.collections._parse' /usr/share/ansible/collections/ansible_collections/redhat/satellite/roles/operatingsystems/meta/main.yml Failed to find main.yml for role in redhat.satellite.
2026-05-17T19:20:46.070494+00:00 ERROR 'ansible_navigator.actions.collections._parse' /usr/share/ansible/collections/ansible_collections/redhat/satellite/roles/organizations/meta/argument_specs.yml Failed to find argument_specs.yml for role in redhat.satellite.
2026-05-17T19:20:46.070503+00:00 ERROR 'ansible_navigator.actions.collections._parse' /usr/share/ansible/collections/ansible_collections/redhat/satellite/roles/organizations/meta/main.yml Failed to find main.yml for role in redhat.satellite.
2026-05-17T19:20:46.070511+00:00 ERROR 'ansible_navigator.actions.collections._parse' /usr/share/ansible/collections/ansible_collections/redhat/satellite/roles/provisioning_templates/meta/argument_specs.yml Failed to find argument_specs.yml for role in redhat.satellite.
2026-05-17T19:20:46.070521+00:00 ERROR 'ansible_navigator.actions.collections._parse' /usr/share/ansible/collections/ansible_collections/redhat/satellite/roles/provisioning_templates/meta/main.yml Failed to find main.yml for role in redhat.satellite.
2026-05-17T19:20:46.070532+00:00 ERROR 'ansible_navigator.actions.collections._parse' /usr/share/ansible/collections/ansible_collections/redhat/satellite/roles/repositories/meta/argument_specs.yml Failed to find argument_specs.yml for role in redhat.satellite.
2026-05-17T19:20:46.070541+00:00 ERROR 'ansible_navigator.actions.collections._parse' /usr/share/ansible/collections/ansible_collections/redhat/satellite/roles/repositories/meta/main.yml Failed to find main.yml for role in redhat.satellite.
2026-05-17T19:20:46.070550+00:00 ERROR 'ansible_navigator.actions.collections._parse' /usr/share/ansible/collections/ansible_collections/redhat/satellite/roles/settings/meta/argument_specs.yml Failed to find argument_specs.yml for role in redhat.satellite.
2026-05-17T19:20:46.070559+00:00 ERROR 'ansible_navigator.actions.collections._parse' /usr/share/ansible/collections/ansible_collections/redhat/satellite/roles/settings/meta/main.yml Failed to find main.yml for role in redhat.satellite.
2026-05-17T19:20:46.070567+00:00 ERROR 'ansible_navigator.actions.collections._parse' /usr/share/ansible/collections/ansible_collections/redhat/satellite/roles/subnets/meta/argument_specs.yml Failed to find argument_specs.yml for role in redhat.satellite.
2026-05-17T19:20:46.070576+00:00 ERROR 'ansible_navigator.actions.collections._parse' /usr/share/ansible/collections/ansible_collections/redhat/satellite/roles/subnets/meta/main.yml Failed to find main.yml for role in redhat.satellite.
2026-05-17T19:20:46.070584+00:00 ERROR 'ansible_navigator.actions.collections._parse' /usr/share/ansible/collections/ansible_collections/redhat/satellite/roles/sync_plans/meta/argument_specs.yml Failed to find argument_specs.yml for role in redhat.satellite.
2026-05-17T19:20:46.070593+00:00 ERROR 'ansible_navigator.actions.collections._parse' /usr/share/ansible/collections/ansible_collections/redhat/satellite/roles/sync_plans/meta/main.yml Failed to find main.yml for role in redhat.satellite.
2026-05-17T19:20:46.070601+00:00 ERROR 'ansible_navigator.actions.collections._parse' /usr/share/ansible/collections/ansible_collections/redhat/satellite_operations/roles/backup/meta/argument_specs.yml Failed to find argument_specs.yml for role in redhat.satellite_operations.
2026-05-17T19:20:46.070611+00:00 ERROR 'ansible_navigator.actions.collections._parse' /usr/share/ansible/collections/ansible_collections/redhat/satellite_operations/roles/backup/meta/main.yml Failed to find main.yml for role in redhat.satellite_operations.
2026-05-17T19:20:46.070620+00:00 ERROR 'ansible_navigator.actions.collections._parse' /usr/share/ansible/collections/ansible_collections/redhat/satellite_operations/roles/capsule_certs_generate/meta/argument_specs.yml Failed to find argument_specs.yml for role in redhat.satellite_operations.
2026-05-17T19:20:46.070629+00:00 ERROR 'ansible_navigator.actions.collections._parse' /usr/share/ansible/collections/ansible_collections/redhat/satellite_operations/roles/capsule_certs_generate/meta/main.yml Failed to find main.yml for role in redhat.satellite_operations.
2026-05-17T19:20:46.070637+00:00 ERROR 'ansible_navigator.actions.collections._parse' /usr/share/ansible/collections/ansible_collections/redhat/satellite_operations/roles/cloud_connector/meta/argument_specs.yml Failed to find argument_specs.yml for role in redhat.satellite_operations.
2026-05-17T19:20:46.070646+00:00 ERROR 'ansible_navigator.actions.collections._parse' /usr/share/ansible/collections/ansible_collections/redhat/satellite_operations/roles/cloud_connector/meta/main.yml Failed to find main.yml for role in redhat.satellite_operations.
2026-05-17T19:20:46.070655+00:00 ERROR 'ansible_navigator.actions.collections._parse' /usr/share/ansible/collections/ansible_collections/redhat/satellite_operations/roles/installer/meta/argument_specs.yml Failed to find argument_specs.yml for role in redhat.satellite_operations.
2026-05-17T19:20:46.070663+00:00 ERROR 'ansible_navigator.actions.collections._parse' /usr/share/ansible/collections/ansible_collections/redhat/satellite_operations/roles/installer/meta/main.yml Failed to find main.yml for role in redhat.satellite_operations.
2026-05-17T19:20:46.070674+00:00 ERROR 'ansible_navigator.actions.collections._parse' /usr/share/ansible/collections/ansible_collections/redhat/satellite_operations/roles/metrics/meta/argument_specs.yml Failed to find argument_specs.yml for role in redhat.satellite_operations.
2026-05-17T19:20:46.070682+00:00 ERROR 'ansible_navigator.actions.collections._parse' /usr/share/ansible/collections/ansible_collections/redhat/satellite_operations/roles/metrics/meta/main.yml Failed to find main.yml for role in redhat.satellite_operations.
2026-05-17T19:20:46.070691+00:00 ERROR 'ansible_navigator.actions.collections._parse' /usr/share/ansible/collections/ansible_collections/amazon/aws/plugins/inventory/aws_ec2.py AnsibleError (get_docstring): unknown doc_fragment(s) in file /usr/share/ansible/collections/ansible_collections/amazon/aws/plugins/inventory/aws_ec2.py: amazon.aws.boto3, amazon.aws.common.plugins, amazon.aws.region.plugins, amazon.aws.assume_role.plugins
2026-05-17T19:20:46.070705+00:00 ERROR 'ansible_navigator.actions.collections._parse' /usr/share/ansible/collections/ansible_collections/amazon/aws/plugins/inventory/aws_rds.py AnsibleError (get_docstring): unknown doc_fragment(s) in file /usr/share/ansible/collections/ansible_collections/amazon/aws/plugins/inventory/aws_rds.py: amazon.aws.boto3, amazon.aws.common.plugins, amazon.aws.region.plugins, amazon.aws.assume_role.plugins
2026-05-17T19:20:46.070714+00:00 ERROR 'ansible_navigator.actions.collections._parse' /usr/share/ansible/collections/ansible_collections/amazon/aws/plugins/lookup/aws_account_attribute.py AnsibleError (get_docstring): unknown doc_fragment(s) in file /usr/share/ansible/collections/ansible_collections/amazon/aws/plugins/lookup/aws_account_attribute.py: amazon.aws.boto3, amazon.aws.common.plugins, amazon.aws.region.plugins
2026-05-17T19:20:46.070722+00:00 ERROR 'ansible_navigator.actions.collections._parse' /usr/share/ansible/collections/ansible_collections/amazon/aws/plugins/lookup/secretsmanager_secret.py AnsibleError (get_docstring): unknown doc_fragment(s) in file /usr/share/ansible/collections/ansible_collections/amazon/aws/plugins/lookup/secretsmanager_secret.py: amazon.aws.boto3, amazon.aws.common.plugins, amazon.aws.region.plugins
2026-05-17T19:20:46.070731+00:00 ERROR 'ansible_navigator.actions.collections._parse' /usr/share/ansible/collections/ansible_collections/amazon/aws/plugins/lookup/ssm_parameter.py AnsibleError (get_docstring): unknown doc_fragment(s) in file /usr/share/ansible/collections/ansible_collections/amazon/aws/plugins/lookup/ssm_parameter.py: amazon.aws.boto3, amazon.aws.common.plugins, amazon.aws.region.plugins
2026-05-17T19:20:46.070744+00:00 ERROR 'ansible_navigator.actions.collections._parse' /usr/share/ansible/collections/ansible_collections/amazon/aws/plugins/modules/autoscaling_group.py AnsibleError (get_docstring): unknown doc_fragment(s) in file /usr/share/ansible/collections/ansible_collections/amazon/aws/plugins/modules/autoscaling_group.py: amazon.aws.common.modules, amazon.aws.region.modules, amazon.aws.boto3
2026-05-17T19:20:46.070752+00:00 ERROR 'ansible_navigator.actions.collections._parse' /usr/share/ansible/collections/ansible_collections/amazon/aws/plugins/modules/autoscaling_group_info.py AnsibleError (get_docstring): unknown doc_fragment(s) in file /usr/share/ansible/collections/ansible_collections/amazon/aws/plugins/modules/autoscaling_group_info.py: amazon.aws.common.modules, amazon.aws.region.modules, amazon.aws.boto3
2026-05-17T19:20:46.070761+00:00 ERROR 'ansible_navigator.actions.collections._parse' /usr/share/ansible/collections/ansible_collections/amazon/aws/plugins/modules/aws_az_info.py AnsibleError (get_docstring): unknown doc_fragment(s) in file /usr/share/ansible/collections/ansible_collections/amazon/aws/plugins/modules/aws_az_info.py: amazon.aws.common.modules, amazon.aws.region.modules, amazon.aws.boto3
2026-05-17T19:20:46.070769+00:00 ERROR 'ansible_navigator.actions.collections._parse' /usr/share/ansible/collections/ansible_collections/amazon/aws/plugins/modules/aws_caller_info.py AnsibleError (get_docstring): unknown doc_fragment(s) in file /usr/share/ansible/collections/ansible_collections/amazon/aws/plugins/modules/aws_caller_info.py: amazon.aws.common.modules, amazon.aws.region.modules, amazon.aws.boto3
2026-05-17T19:20:46.070780+00:00 ERROR 'ansible_navigator.actions.collections._parse' /usr/share/ansible/collections/ansible_collections/amazon/aws/plugins/modules/backup_plan.py AnsibleError (get_docstring): unknown doc_fragment(s) in file /usr/share/ansible/collections/ansible_collections/amazon/aws/plugins/modules/backup_plan.py: amazon.aws.common.modules, amazon.aws.region.modules, amazon.aws.boto3, amazon.aws.tags
2026-05-17T19:20:46.070788+00:00 ERROR 'ansible_navigator.actions.collections._parse' /usr/share/ansible/collections/ansible_collections/amazon/aws/plugins/modules/backup_plan_info.py AnsibleError (get_docstring): unknown doc_fragment(s) in file /usr/share/ansible/collections/ansible_collections/amazon/aws/plugins/modules/backup_plan_info.py: amazon.aws.common.modules, amazon.aws.region.modules, amazon.aws.boto3
2026-05-17T19:20:46.070797+00:00 ERROR 'ansible_navigator.actions.collections._parse' /usr/share/ansible/collections/ansible_collections/amazon/aws/plugins/modules/backup_restore_job_info.py AnsibleError (get_docstring): unknown doc_fragment(s) in file /usr/share/ansible/collections/ansible_collections/amazon/aws/plugins/modules/backup_restore_job_info.py: amazon.aws.common.modules, amazon.aws.region.modules, amazon.aws.boto3
2026-05-17T19:20:46.070806+00:00 ERROR 'ansible_navigator.actions.collections._parse' /usr/share/ansible/collections/ansible_collections/amazon/aws/plugins/modules/backup_selection.py AnsibleError (get_docstring): unknown doc_fragment(s) in file /usr/share/ansible/collections/ansible_collections/amazon/aws/plugins/modules/backup_selection.py: amazon.aws.common.modules, amazon.aws.region.modules, amazon.aws.boto3
2026-05-17T19:20:46.070814+00:00 ERROR 'ansible_navigator.actions.collections._parse' /usr/share/ansible/collections/ansible_collections/amazon/aws/plugins/modules/backup_selection_info.py AnsibleError (get_docstring): unknown doc_fragment(s) in file /usr/share/ansible/collections/ansible_collections/amazon/aws/plugins/modules/backup_selection_info.py: amazon.aws.common.modules, amazon.aws.region.modules, amazon.aws.boto3
2026-05-17T19:20:46.070822+00:00 ERROR 'ansible_navigator.actions.collections._parse' /usr/share/ansible/collections/ansible_collections/amazon/aws/plugins/modules/backup_tag.py AnsibleError (get_docstring): unknown doc_fragment(s) in file /usr/share/ansible/collections/ansible_collections/amazon/aws/plugins/modules/backup_tag.py: amazon.aws.common.modules, amazon.aws.region.modules, amazon.aws.boto3
2026-05-17T19:20:46.070831+00:00 ERROR 'ansible_navigator.actions.collections._parse' /usr/share/ansible/collections/ansible_collections/amazon/aws/plugins/modules/backup_tag_info.py AnsibleError (get_docstring): unknown doc_fragment(s) in file /usr/share/ansible/collections/ansible_collections/amazon/aws/plugins/modules/backup_tag_info.py: amazon.aws.common.modules, amazon.aws.region.modules, amazon.aws.boto3
2026-05-17T19:20:46.070840+00:00 ERROR 'ansible_navigator.actions.collections._parse' /usr/share/ansible/collections/ansible_collections/amazon/aws/plugins/modules/backup_vault.py AnsibleError (get_docstring): unknown doc_fragment(s) in file /usr/share/ansible/collections/ansible_collections/amazon/aws/plugins/modules/backup_vault.py: amazon.aws.common.modules, amazon.aws.region.modules, amazon.aws.boto3, amazon.aws.tags
2026-05-17T19:20:46.070848+00:00 ERROR 'ansible_navigator.actions.collections._parse' /usr/share/ansible/collections/ansible_collections/amazon/aws/plugins/modules/backup_vault_info.py AnsibleError (get_docstring): unknown doc_fragment(s) in file /usr/share/ansible/collections/ansible_collections/amazon/aws/plugins/modules/backup_vault_info.py: amazon.aws.common.modules, amazon.aws.region.modules, amazon.aws.boto3
2026-05-17T19:20:46.070858+00:00 ERROR 'ansible_navigator.actions.collections._parse' /usr/share/ansible/collections/ansible_collections/amazon/aws/plugins/modules/cloudformation.py AnsibleError (get_docstring): unknown doc_fragment(s) in file /usr/share/ansible/collections/ansible_collections/amazon/aws/plugins/modules/cloudformation.py: amazon.aws.common.modules, amazon.aws.region.modules, amazon.aws.boto3
2026-05-17T19:20:46.070867+00:00 ERROR 'ansible_navigator.actions.collections._parse' /usr/share/ansible/collections/ansible_collections/amazon/aws/plugins/modules/cloudformation_info.py AnsibleError (get_docstring): unknown doc_fragment(s) in file /usr/share/ansible/collections/ansible_collections/amazon/aws/plugins/modules/cloudformation_info.py: amazon.aws.common.modules, amazon.aws.region.modules, amazon.aws.boto3
2026-05-17T19:20:46.070876+00:00 ERROR 'ansible_navigator.actions.collections._parse' /usr/share/ansible/collections/ansible_collections/amazon/aws/plugins/modules/cloudtrail.py AnsibleError (get_docstring): unknown doc_fragment(s) in file /usr/share/ansible/collections/ansible_collections/amazon/aws/plugins/modules/cloudtrail.py: amazon.aws.common.modules, amazon.aws.region.modules, amazon.aws.tags, amazon.aws.boto3
2026-05-17T19:20:46.070884+00:00 ERROR 'ansible_navigator.actions.collections._parse' /usr/share/ansible/collections/ansible_collections/amazon/aws/plugins/modules/cloudtrail_info.py AnsibleError (get_docstring): unknown doc_fragment(s) in file /usr/share/ansible/collections/ansible_collections/amazon/aws/plugins/modules/cloudtrail_info.py: amazon.aws.common.modules, amazon.aws.region.modules, amazon.aws.boto3
2026-05-17T19:20:46.070893+00:00 ERROR 'ansible_navigator.actions.collections._parse' /usr/share/ansible/collections/ansible_collections/amazon/aws/plugins/modules/cloudwatch_metric_alarm.py AnsibleError (get_docstring): unknown doc_fragment(s) in file /usr/share/ansible/collections/ansible_collections/amazon/aws/plugins/modules/cloudwatch_metric_alarm.py: amazon.aws.common.modules, amazon.aws.region.modules, amazon.aws.boto3
2026-05-17T19:20:46.070901+00:00 ERROR 'ansible_navigator.actions.collections._parse' /usr/share/ansible/collections/ansible_collections/amazon/aws/plugins/modules/cloudwatch_metric_alarm_info.py AnsibleError (get_docstring): unknown doc_fragment(s) in file /usr/share/ansible/collections/ansible_collections/amazon/aws/plugins/modules/cloudwatch_metric_alarm_info.py: amazon.aws.common.modules, amazon.aws.region.modules, amazon.aws.boto3
2026-05-17T19:20:46.070910+00:00 ERROR 'ansible_navigator.actions.collections._parse' /usr/share/ansible/collections/ansible_collections/amazon/aws/plugins/modules/cloudwatchevent_rule.py AnsibleError (get_docstring): unknown doc_fragment(s) in file /usr/share/ansible/collections/ansible_collections/amazon/aws/plugins/modules/cloudwatchevent_rule.py: amazon.aws.common.modules, amazon.aws.region.modules, amazon.aws.boto3
2026-05-17T19:20:46.070918+00:00 ERROR 'ansible_navigator.actions.collections._parse' /usr/share/ansible/collections/ansible_collections/amazon/aws/plugins/modules/cloudwatchlogs_log_group.py AnsibleError (get_docstring): unknown doc_fragment(s) in file /usr/share/ansible/collections/ansible_collections/amazon/aws/plugins/modules/cloudwatchlogs_log_group.py: amazon.aws.common.modules, amazon.aws.region.modules, amazon.aws.tags, amazon.aws.boto3
2026-05-17T19:20:46.070927+00:00 ERROR 'ansible_navigator.actions.collections._parse' /usr/share/ansible/collections/ansible_collections/amazon/aws/plugins/modules/cloudwatchlogs_log_group_info.py AnsibleError (get_docstring): unknown doc_fragment(s) in file /usr/share/ansible/collections/ansible_collections/amazon/aws/plugins/modules/cloudwatchlogs_log_group_info.py: amazon.aws.common.modules, amazon.aws.region.modules, amazon.aws.boto3
2026-05-17T19:20:46.070936+00:00 ERROR 'ansible_navigator.actions.collections._parse' /usr/share/ansible/collections/ansible_collections/amazon/aws/plugins/modules/cloudwatchlogs_log_group_metric_filter.py AnsibleError (get_docstring): unknown doc_fragment(s) in file /usr/share/ansible/collections/ansible_collections/amazon/aws/plugins/modules/cloudwatchlogs_log_group_metric_filter.py: amazon.aws.common.modules, amazon.aws.region.modules, amazon.aws.boto3
2026-05-17T19:20:46.070946+00:00 ERROR 'ansible_navigator.actions.collections._parse' /usr/share/ansible/collections/ansible_collections/amazon/aws/plugins/modules/ec2_ami.py AnsibleError (get_docstring): unknown doc_fragment(s) in file /usr/share/ansible/collections/ansible_collections/amazon/aws/plugins/modules/ec2_ami.py: amazon.aws.common.modules, amazon.aws.region.modules, amazon.aws.tags, amazon.aws.boto3
2026-05-17T19:20:46.070955+00:00 ERROR 'ansible_navigator.actions.collections._parse' /usr/share/ansible/collections/ansible_collections/amazon/aws/plugins/modules/ec2_ami_info.py AnsibleError (get_docstring): unknown doc_fragment(s) in file /usr/share/ansible/collections/ansible_collections/amazon/aws/plugins/modules/ec2_ami_info.py: amazon.aws.common.modules, amazon.aws.region.modules, amazon.aws.boto3
2026-05-17T19:20:46.070963+00:00 ERROR 'ansible_navigator.actions.collections._parse' /usr/share/ansible/collections/ansible_collections/amazon/aws/plugins/modules/ec2_eip.py AnsibleError (get_docstring): unknown doc_fragment(s) in file /usr/share/ansible/collections/ansible_collections/amazon/aws/plugins/modules/ec2_eip.py: amazon.aws.common.modules, amazon.aws.region.modules, amazon.aws.tags, amazon.aws.boto3
2026-05-17T19:20:46.070972+00:00 ERROR 'ansible_navigator.actions.collections._parse' /usr/share/ansible/collections/ansible_collections/amazon/aws/plugins/modules/ec2_eip_info.py AnsibleError (get_docstring): unknown doc_fragment(s) in file /usr/share/ansible/collections/ansible_collections/amazon/aws/plugins/modules/ec2_eip_info.py: amazon.aws.common.modules, amazon.aws.region.modules, amazon.aws.boto3
2026-05-17T19:20:46.070981+00:00 ERROR 'ansible_navigator.actions.collections._parse' /usr/share/ansible/collections/ansible_collections/amazon/aws/plugins/modules/ec2_eni.py AnsibleError (get_docstring): unknown doc_fragment(s) in file /usr/share/ansible/collections/ansible_collections/amazon/aws/plugins/modules/ec2_eni.py: amazon.aws.common.modules, amazon.aws.region.modules, amazon.aws.tags, amazon.aws.boto3
2026-05-17T19:20:46.070990+00:00 ERROR 'ansible_navigator.actions.collections._parse' /usr/share/ansible/collections/ansible_collections/amazon/aws/plugins/modules/ec2_eni_info.py AnsibleError (get_docstring): unknown doc_fragment(s) in file /usr/share/ansible/collections/ansible_collections/amazon/aws/plugins/modules/ec2_eni_info.py: amazon.aws.common.modules, amazon.aws.region.modules, amazon.aws.boto3
2026-05-17T19:20:46.070998+00:00 ERROR 'ansible_navigator.actions.collections._parse' /usr/share/ansible/collections/ansible_collections/amazon/aws/plugins/modules/ec2_instance.py AnsibleError (get_docstring): unknown doc_fragment(s) in file /usr/share/ansible/collections/ansible_collections/amazon/aws/plugins/modules/ec2_instance.py: amazon.aws.common.modules, amazon.aws.region.modules, amazon.aws.tags, amazon.aws.boto3
2026-05-17T19:20:46.071007+00:00 ERROR 'ansible_navigator.actions.collections._parse' /usr/share/ansible/collections/ansible_collections/amazon/aws/plugins/modules/ec2_instance_info.py AnsibleError (get_docstring): unknown doc_fragment(s) in file /usr/share/ansible/collections/ansible_collections/amazon/aws/plugins/modules/ec2_instance_info.py: amazon.aws.common.modules, amazon.aws.region.modules, amazon.aws.boto3
2026-05-17T19:20:46.071016+00:00 ERROR 'ansible_navigator.actions.collections._parse' /usr/share/ansible/collections/ansible_collections/amazon/aws/plugins/modules/ec2_key.py AnsibleError (get_docstring): unknown doc_fragment(s) in file /usr/share/ansible/collections/ansible_collections/amazon/aws/plugins/modules/ec2_key.py: amazon.aws.common.modules, amazon.aws.region.modules, amazon.aws.tags, amazon.aws.boto3
2026-05-17T19:20:46.071024+00:00 ERROR 'ansible_navigator.actions.collections._parse' /usr/share/ansible/collections/ansible_collections/amazon/aws/plugins/modules/ec2_key_info.py AnsibleError (get_docstring): unknown doc_fragment(s) in file /usr/share/ansible/collections/ansible_collections/amazon/aws/plugins/modules/ec2_key_info.py: amazon.aws.common.modules, amazon.aws.region.modules, amazon.aws.boto3
2026-05-17T19:20:46.071034+00:00 ERROR 'ansible_navigator.actions.collections._parse' /usr/share/ansible/collections/ansible_collections/amazon/aws/plugins/modules/ec2_security_group.py AnsibleError (get_docstring): unknown doc_fragment(s) in file /usr/share/ansible/collections/ansible_collections/amazon/aws/plugins/modules/ec2_security_group.py: amazon.aws.common.modules, amazon.aws.region.modules, amazon.aws.tags, amazon.aws.boto3
2026-05-17T19:20:46.071050+00:00 ERROR 'ansible_navigator.actions.collections._parse' /usr/share/ansible/collections/ansible_collections/amazon/aws/plugins/modules/ec2_security_group_info.py AnsibleError (get_docstring): unknown doc_fragment(s) in file /usr/share/ansible/collections/ansible_collections/amazon/aws/plugins/modules/ec2_security_group_info.py: amazon.aws.common.modules, amazon.aws.region.modules, amazon.aws.boto3
2026-05-17T19:20:46.071075+00:00 ERROR 'ansible_navigator.actions.collections._parse' /usr/share/ansible/collections/ansible_collections/amazon/aws/plugins/modules/ec2_snapshot.py AnsibleError (get_docstring): unknown doc_fragment(s) in file /usr/share/ansible/collections/ansible_collections/amazon/aws/plugins/modules/ec2_snapshot.py: amazon.aws.common.modules, amazon.aws.region.modules, amazon.aws.boto3
2026-05-17T19:20:46.071088+00:00 ERROR 'ansible_navigator.actions.collections._parse' /usr/share/ansible/collections/ansible_collections/amazon/aws/plugins/modules/ec2_snapshot_info.py AnsibleError (get_docstring): unknown doc_fragment(s) in file /usr/share/ansible/collections/ansible_collections/amazon/aws/plugins/modules/ec2_snapshot_info.py: amazon.aws.region.modules, amazon.aws.common.modules, amazon.aws.boto3
2026-05-17T19:20:46.071099+00:00 ERROR 'ansible_navigator.actions.collections._parse' /usr/share/ansible/collections/ansible_collections/amazon/aws/plugins/modules/ec2_spot_instance.py AnsibleError (get_docstring): unknown doc_fragment(s) in file /usr/share/ansible/collections/ansible_collections/amazon/aws/plugins/modules/ec2_spot_instance.py: amazon.aws.common.modules, amazon.aws.region.modules, amazon.aws.boto3
2026-05-17T19:20:46.071109+00:00 ERROR 'ansible_navigator.actions.collections._parse' /usr/share/ansible/collections/ansible_collections/amazon/aws/plugins/modules/ec2_spot_instance_info.py AnsibleError (get_docstring): unknown doc_fragment(s) in file /usr/share/ansible/collections/ansible_collections/amazon/aws/plugins/modules/ec2_spot_instance_info.py: amazon.aws.common.modules, amazon.aws.region.modules, amazon.aws.boto3
2026-05-17T19:20:46.071118+00:00 ERROR 'ansible_navigator.actions.collections._parse' /usr/share/ansible/collections/ansible_collections/amazon/aws/plugins/modules/ec2_tag.py AnsibleError (get_docstring): unknown doc_fragment(s) in file /usr/share/ansible/collections/ansible_collections/amazon/aws/plugins/modules/ec2_tag.py: amazon.aws.common.modules, amazon.aws.region.modules, amazon.aws.boto3
2026-05-17T19:20:46.071128+00:00 ERROR 'ansible_navigator.actions.collections._parse' /usr/share/ansible/collections/ansible_collections/amazon/aws/plugins/modules/ec2_tag_info.py AnsibleError (get_docstring): unknown doc_fragment(s) in file /usr/share/ansible/collections/ansible_collections/amazon/aws/plugins/modules/ec2_tag_info.py: amazon.aws.common.modules, amazon.aws.region.modules, amazon.aws.boto3
2026-05-17T19:20:46.071137+00:00 ERROR 'ansible_navigator.actions.collections._parse' /usr/share/ansible/collections/ansible_collections/amazon/aws/plugins/modules/ec2_vol.py AnsibleError (get_docstring): unknown doc_fragment(s) in file /usr/share/ansible/collections/ansible_collections/amazon/aws/plugins/modules/ec2_vol.py: amazon.aws.common.modules, amazon.aws.region.modules, amazon.aws.tags, amazon.aws.boto3
2026-05-17T19:20:46.071147+00:00 ERROR 'ansible_navigator.actions.collections._parse' /usr/share/ansible/collections/ansible_collections/amazon/aws/plugins/modules/ec2_vol_info.py AnsibleError (get_docstring): unknown doc_fragment(s) in file /usr/share/ansible/collections/ansible_collections/amazon/aws/plugins/modules/ec2_vol_info.py: amazon.aws.common.modules, amazon.aws.region.modules, amazon.aws.boto3
2026-05-17T19:20:46.071159+00:00 ERROR 'ansible_navigator.actions.collections._parse' /usr/share/ansible/collections/ansible_collections/amazon/aws/plugins/modules/ec2_vpc_dhcp_option.py AnsibleError (get_docstring): unknown doc_fragment(s) in file /usr/share/ansible/collections/ansible_collections/amazon/aws/plugins/modules/ec2_vpc_dhcp_option.py: amazon.aws.common.modules, amazon.aws.region.modules, amazon.aws.tags, amazon.aws.boto3
2026-05-17T19:20:46.071168+00:00 ERROR 'ansible_navigator.actions.collections._parse' /usr/share/ansible/collections/ansible_collections/amazon/aws/plugins/modules/ec2_vpc_dhcp_option_info.py AnsibleError (get_docstring): unknown doc_fragment(s) in file /usr/share/ansible/collections/ansible_collections/amazon/aws/plugins/modules/ec2_vpc_dhcp_option_info.py: amazon.aws.common.modules, amazon.aws.region.modules, amazon.aws.boto3
2026-05-17T19:20:46.071177+00:00 ERROR 'ansible_navigator.actions.collections._parse' /usr/share/ansible/collections/ansible_collections/amazon/aws/plugins/modules/ec2_vpc_endpoint.py AnsibleError (get_docstring): unknown doc_fragment(s) in file /usr/share/ansible/collections/ansible_collections/amazon/aws/plugins/modules/ec2_vpc_endpoint.py: amazon.aws.common.modules, amazon.aws.region.modules, amazon.aws.tags, amazon.aws.boto3
2026-05-17T19:20:46.071186+00:00 ERROR 'ansible_navigator.actions.collections._parse' /usr/share/ansible/collections/ansible_collections/amazon/aws/plugins/modules/ec2_vpc_endpoint_info.py AnsibleError (get_docstring): unknown doc_fragment(s) in file /usr/share/ansible/collections/ansible_collections/amazon/aws/plugins/modules/ec2_vpc_endpoint_info.py: amazon.aws.common.modules, amazon.aws.region.modules, amazon.aws.boto3
2026-05-17T19:20:46.071195+00:00 ERROR 'ansible_navigator.actions.collections._parse' /usr/share/ansible/collections/ansible_collections/amazon/aws/plugins/modules/ec2_vpc_endpoint_service_info.py AnsibleError (get_docstring): unknown doc_fragment(s) in file /usr/share/ansible/collections/ansible_collections/amazon/aws/plugins/modules/ec2_vpc_endpoint_service_info.py: amazon.aws.common.modules, amazon.aws.region.modules, amazon.aws.boto3
2026-05-17T19:20:46.071204+00:00 ERROR 'ansible_navigator.actions.collections._parse' /usr/share/ansible/collections/ansible_collections/amazon/aws/plugins/modules/ec2_vpc_igw.py AnsibleError (get_docstring): unknown doc_fragment(s) in file /usr/share/ansible/collections/ansible_collections/amazon/aws/plugins/modules/ec2_vpc_igw.py: amazon.aws.common.modules, amazon.aws.region.modules, amazon.aws.tags, amazon.aws.boto3
2026-05-17T19:20:46.071213+00:00 ERROR 'ansible_navigator.actions.collections._parse' /usr/share/ansible/collections/ansible_collections/amazon/aws/plugins/modules/ec2_vpc_igw_info.py AnsibleError (get_docstring): unknown doc_fragment(s) in file /usr/share/ansible/collections/ansible_collections/amazon/aws/plugins/modules/ec2_vpc_igw_info.py: amazon.aws.common.modules, amazon.aws.region.modules, amazon.aws.boto3
2026-05-17T19:20:46.071222+00:00 ERROR 'ansible_navigator.actions.collections._parse' /usr/share/ansible/collections/ansible_collections/amazon/aws/plugins/modules/ec2_vpc_nat_gateway.py AnsibleError (get_docstring): unknown doc_fragment(s) in file /usr/share/ansible/collections/ansible_collections/amazon/aws/plugins/modules/ec2_vpc_nat_gateway.py: amazon.aws.common.modules, amazon.aws.region.modules, amazon.aws.tags, amazon.aws.boto3
2026-05-17T19:20:46.071230+00:00 ERROR 'ansible_navigator.actions.collections._parse' /usr/share/ansible/collections/ansible_collections/amazon/aws/plugins/modules/ec2_vpc_nat_gateway_info.py AnsibleError (get_docstring): unknown doc_fragment(s) in file /usr/share/ansible/collections/ansible_collections/amazon/aws/plugins/modules/ec2_vpc_nat_gateway_info.py: amazon.aws.common.modules, amazon.aws.region.modules, amazon.aws.boto3
2026-05-17T19:20:46.071241+00:00 ERROR 'ansible_navigator.actions.collections._parse' /usr/share/ansible/collections/ansible_collections/amazon/aws/plugins/modules/ec2_vpc_net.py AnsibleError (get_docstring): unknown doc_fragment(s) in file /usr/share/ansible/collections/ansible_collections/amazon/aws/plugins/modules/ec2_vpc_net.py: amazon.aws.common.modules, amazon.aws.region.modules, amazon.aws.tags, amazon.aws.boto3
2026-05-17T19:20:46.071250+00:00 ERROR 'ansible_navigator.actions.collections._parse' /usr/share/ansible/collections/ansible_collections/amazon/aws/plugins/modules/ec2_vpc_net_info.py AnsibleError (get_docstring): unknown doc_fragment(s) in file /usr/share/ansible/collections/ansible_collections/amazon/aws/plugins/modules/ec2_vpc_net_info.py: amazon.aws.common.modules, amazon.aws.region.modules, amazon.aws.boto3
2026-05-17T19:20:46.071259+00:00 ERROR 'ansible_navigator.actions.collections._parse' /usr/share/ansible/collections/ansible_collections/amazon/aws/plugins/modules/ec2_vpc_route_table.py AnsibleError (get_docstring): unknown doc_fragment(s) in file /usr/share/ansible/collections/ansible_collections/amazon/aws/plugins/modules/ec2_vpc_route_table.py: amazon.aws.common.modules, amazon.aws.region.modules, amazon.aws.tags, amazon.aws.boto3
2026-05-17T19:20:46.071268+00:00 ERROR 'ansible_navigator.actions.collections._parse' /usr/share/ansible/collections/ansible_collections/amazon/aws/plugins/modules/ec2_vpc_route_table_info.py AnsibleError (get_docstring): unknown doc_fragment(s) in file /usr/share/ansible/collections/ansible_collections/amazon/aws/plugins/modules/ec2_vpc_route_table_info.py: amazon.aws.common.modules, amazon.aws.region.modules, amazon.aws.boto3
2026-05-17T19:20:46.071276+00:00 ERROR 'ansible_navigator.actions.collections._parse' /usr/share/ansible/collections/ansible_collections/amazon/aws/plugins/modules/ec2_vpc_subnet.py AnsibleError (get_docstring): unknown doc_fragment(s) in file /usr/share/ansible/collections/ansible_collections/amazon/aws/plugins/modules/ec2_vpc_subnet.py: amazon.aws.common.modules, amazon.aws.region.modules, amazon.aws.tags, amazon.aws.boto3
2026-05-17T19:20:46.071285+00:00 ERROR 'ansible_navigator.actions.collections._parse' /usr/share/ansible/collections/ansible_collections/amazon/aws/plugins/modules/ec2_vpc_subnet_info.py AnsibleError (get_docstring): unknown doc_fragment(s) in file /usr/share/ansible/collections/ansible_collections/amazon/aws/plugins/modules/ec2_vpc_subnet_info.py: amazon.aws.common.modules, amazon.aws.region.modules, amazon.aws.boto3
2026-05-17T19:20:46.071293+00:00 ERROR 'ansible_navigator.actions.collections._parse' /usr/share/ansible/collections/ansible_collections/amazon/aws/plugins/modules/elb_application_lb.py AnsibleError (get_docstring): unknown doc_fragment(s) in file /usr/share/ansible/collections/ansible_collections/amazon/aws/plugins/modules/elb_application_lb.py: amazon.aws.common.modules, amazon.aws.region.modules, amazon.aws.tags, amazon.aws.boto3
2026-05-17T19:20:46.071302+00:00 ERROR 'ansible_navigator.actions.collections._parse' /usr/share/ansible/collections/ansible_collections/amazon/aws/plugins/modules/elb_application_lb_info.py AnsibleError (get_docstring): unknown doc_fragment(s) in file /usr/share/ansible/collections/ansible_collections/amazon/aws/plugins/modules/elb_application_lb_info.py: amazon.aws.common.modules, amazon.aws.region.modules, amazon.aws.boto3
2026-05-17T19:20:46.071310+00:00 ERROR 'ansible_navigator.actions.collections._parse' /usr/share/ansible/collections/ansible_collections/amazon/aws/plugins/modules/elb_classic_lb.py AnsibleError (get_docstring): unknown doc_fragment(s) in file /usr/share/ansible/collections/ansible_collections/amazon/aws/plugins/modules/elb_classic_lb.py: amazon.aws.common.modules, amazon.aws.region.modules, amazon.aws.tags, amazon.aws.boto3
2026-05-17T19:20:46.071319+00:00 ERROR 'ansible_navigator.actions.collections._parse' /usr/share/ansible/collections/ansible_collections/amazon/aws/plugins/modules/iam_instance_profile.py AnsibleError (get_docstring): unknown doc_fragment(s) in file /usr/share/ansible/collections/ansible_collections/amazon/aws/plugins/modules/iam_instance_profile.py: amazon.aws.common.modules, amazon.aws.region.modules, amazon.aws.tags.modules, amazon.aws.boto3
2026-05-17T19:20:46.071330+00:00 ERROR 'ansible_navigator.actions.collections._parse' /usr/share/ansible/collections/ansible_collections/amazon/aws/plugins/modules/iam_instance_profile_info.py AnsibleError (get_docstring): unknown doc_fragment(s) in file /usr/share/ansible/collections/ansible_collections/amazon/aws/plugins/modules/iam_instance_profile_info.py: amazon.aws.common.modules, amazon.aws.region.modules, amazon.aws.boto3
2026-05-17T19:20:46.071338+00:00 ERROR 'ansible_navigator.actions.collections._parse' /usr/share/ansible/collections/ansible_collections/amazon/aws/plugins/modules/iam_policy.py AnsibleError (get_docstring): unknown doc_fragment(s) in file /usr/share/ansible/collections/ansible_collections/amazon/aws/plugins/modules/iam_policy.py: amazon.aws.common.modules, amazon.aws.region.modules, amazon.aws.boto3
2026-05-17T19:20:46.071347+00:00 ERROR 'ansible_navigator.actions.collections._parse' /usr/share/ansible/collections/ansible_collections/amazon/aws/plugins/modules/iam_policy_info.py AnsibleError (get_docstring): unknown doc_fragment(s) in file /usr/share/ansible/collections/ansible_collections/amazon/aws/plugins/modules/iam_policy_info.py: amazon.aws.common.modules, amazon.aws.region.modules, amazon.aws.boto3
2026-05-17T19:20:46.071356+00:00 ERROR 'ansible_navigator.actions.collections._parse' /usr/share/ansible/collections/ansible_collections/amazon/aws/plugins/modules/iam_user.py AnsibleError (get_docstring): unknown doc_fragment(s) in file /usr/share/ansible/collections/ansible_collections/amazon/aws/plugins/modules/iam_user.py: amazon.aws.common.modules, amazon.aws.region.modules, amazon.aws.tags, amazon.aws.boto3
2026-05-17T19:20:46.071365+00:00 ERROR 'ansible_navigator.actions.collections._parse' /usr/share/ansible/collections/ansible_collections/amazon/aws/plugins/modules/iam_user_info.py AnsibleError (get_docstring): unknown doc_fragment(s) in file /usr/share/ansible/collections/ansible_collections/amazon/aws/plugins/modules/iam_user_info.py: amazon.aws.common.modules, amazon.aws.region.modules, amazon.aws.boto3
2026-05-17T19:20:46.071373+00:00 ERROR 'ansible_navigator.actions.collections._parse' /usr/share/ansible/collections/ansible_collections/amazon/aws/plugins/modules/kms_key.py AnsibleError (get_docstring): unknown doc_fragment(s) in file /usr/share/ansible/collections/ansible_collections/amazon/aws/plugins/modules/kms_key.py: amazon.aws.common.modules, amazon.aws.region.modules, amazon.aws.tags, amazon.aws.boto3
2026-05-17T19:20:46.071382+00:00 ERROR 'ansible_navigator.actions.collections._parse' /usr/share/ansible/collections/ansible_collections/amazon/aws/plugins/modules/kms_key_info.py AnsibleError (get_docstring): unknown doc_fragment(s) in file /usr/share/ansible/collections/ansible_collections/amazon/aws/plugins/modules/kms_key_info.py: amazon.aws.common.modules, amazon.aws.region.modules, amazon.aws.boto3
2026-05-17T19:20:46.071391+00:00 ERROR 'ansible_navigator.actions.collections._parse' /usr/share/ansible/collections/ansible_collections/amazon/aws/plugins/modules/lambda.py AnsibleError (get_docstring): unknown doc_fragment(s) in file /usr/share/ansible/collections/ansible_collections/amazon/aws/plugins/modules/lambda.py: amazon.aws.common.modules, amazon.aws.region.modules, amazon.aws.tags, amazon.aws.boto3
2026-05-17T19:20:46.071400+00:00 ERROR 'ansible_navigator.actions.collections._parse' /usr/share/ansible/collections/ansible_collections/amazon/aws/plugins/modules/lambda_alias.py AnsibleError (get_docstring): unknown doc_fragment(s) in file /usr/share/ansible/collections/ansible_collections/amazon/aws/plugins/modules/lambda_alias.py: amazon.aws.common.modules, amazon.aws.region.modules, amazon.aws.boto3
2026-05-17T19:20:46.071411+00:00 ERROR 'ansible_navigator.actions.collections._parse' /usr/share/ansible/collections/ansible_collections/amazon/aws/plugins/modules/lambda_event.py AnsibleError (get_docstring): unknown doc_fragment(s) in file /usr/share/ansible/collections/ansible_collections/amazon/aws/plugins/modules/lambda_event.py: amazon.aws.common.modules, amazon.aws.region.modules, amazon.aws.boto3
2026-05-17T19:20:46.071419+00:00 ERROR 'ansible_navigator.actions.collections._parse' /usr/share/ansible/collections/ansible_collections/amazon/aws/plugins/modules/lambda_execute.py AnsibleError (get_docstring): unknown doc_fragment(s) in file /usr/share/ansible/collections/ansible_collections/amazon/aws/plugins/modules/lambda_execute.py: amazon.aws.common.modules, amazon.aws.region.modules, amazon.aws.boto3
2026-05-17T19:20:46.071428+00:00 ERROR 'ansible_navigator.actions.collections._parse' /usr/share/ansible/collections/ansible_collections/amazon/aws/plugins/modules/lambda_info.py AnsibleError (get_docstring): unknown doc_fragment(s) in file /usr/share/ansible/collections/ansible_collections/amazon/aws/plugins/modules/lambda_info.py: amazon.aws.common.modules, amazon.aws.region.modules, amazon.aws.boto3
2026-05-17T19:20:46.071437+00:00 ERROR 'ansible_navigator.actions.collections._parse' /usr/share/ansible/collections/ansible_collections/amazon/aws/plugins/modules/lambda_layer.py AnsibleError (get_docstring): unknown doc_fragment(s) in file /usr/share/ansible/collections/ansible_collections/amazon/aws/plugins/modules/lambda_layer.py: amazon.aws.common.modules, amazon.aws.region.modules, amazon.aws.boto3
2026-05-17T19:20:46.071446+00:00 ERROR 'ansible_navigator.actions.collections._parse' /usr/share/ansible/collections/ansible_collections/amazon/aws/plugins/modules/lambda_layer_info.py AnsibleError (get_docstring): unknown doc_fragment(s) in file /usr/share/ansible/collections/ansible_collections/amazon/aws/plugins/modules/lambda_layer_info.py: amazon.aws.common.modules, amazon.aws.region.modules, amazon.aws.boto3
2026-05-17T19:20:46.071455+00:00 ERROR 'ansible_navigator.actions.collections._parse' /usr/share/ansible/collections/ansible_collections/amazon/aws/plugins/modules/lambda_policy.py AnsibleError (get_docstring): unknown doc_fragment(s) in file /usr/share/ansible/collections/ansible_collections/amazon/aws/plugins/modules/lambda_policy.py: amazon.aws.common.modules, amazon.aws.region.modules, amazon.aws.boto3
2026-05-17T19:20:46.071464+00:00 ERROR 'ansible_navigator.actions.collections._parse' /usr/share/ansible/collections/ansible_collections/amazon/aws/plugins/modules/rds_cluster.py AnsibleError (get_docstring): unknown doc_fragment(s) in file /usr/share/ansible/collections/ansible_collections/amazon/aws/plugins/modules/rds_cluster.py: amazon.aws.common.modules, amazon.aws.region.modules, amazon.aws.tags, amazon.aws.boto3
2026-05-17T19:20:46.071472+00:00 ERROR 'ansible_navigator.actions.collections._parse' /usr/share/ansible/collections/ansible_collections/amazon/aws/plugins/modules/rds_cluster_info.py AnsibleError (get_docstring): unknown doc_fragment(s) in file /usr/share/ansible/collections/ansible_collections/amazon/aws/plugins/modules/rds_cluster_info.py: amazon.aws.common.modules, amazon.aws.region.modules, amazon.aws.boto3
2026-05-17T19:20:46.071481+00:00 ERROR 'ansible_navigator.actions.collections._parse' /usr/share/ansible/collections/ansible_collections/amazon/aws/plugins/modules/rds_cluster_snapshot.py AnsibleError (get_docstring): unknown doc_fragment(s) in file /usr/share/ansible/collections/ansible_collections/amazon/aws/plugins/modules/rds_cluster_snapshot.py: amazon.aws.common.modules, amazon.aws.region.modules, amazon.aws.tags, amazon.aws.boto3
2026-05-17T19:20:46.071490+00:00 ERROR 'ansible_navigator.actions.collections._parse' /usr/share/ansible/collections/ansible_collections/amazon/aws/plugins/modules/rds_instance.py AnsibleError (get_docstring): unknown doc_fragment(s) in file /usr/share/ansible/collections/ansible_collections/amazon/aws/plugins/modules/rds_instance.py: amazon.aws.common.modules, amazon.aws.region.modules, amazon.aws.tags, amazon.aws.boto3
2026-05-17T19:20:46.071500+00:00 ERROR 'ansible_navigator.actions.collections._parse' /usr/share/ansible/collections/ansible_collections/amazon/aws/plugins/modules/rds_instance_info.py AnsibleError (get_docstring): unknown doc_fragment(s) in file /usr/share/ansible/collections/ansible_collections/amazon/aws/plugins/modules/rds_instance_info.py: amazon.aws.common.modules, amazon.aws.region.modules, amazon.aws.boto3
2026-05-17T19:20:46.071509+00:00 ERROR 'ansible_navigator.actions.collections._parse' /usr/share/ansible/collections/ansible_collections/amazon/aws/plugins/modules/rds_instance_snapshot.py AnsibleError (get_docstring): unknown doc_fragment(s) in file /usr/share/ansible/collections/ansible_collections/amazon/aws/plugins/modules/rds_instance_snapshot.py: amazon.aws.common.modules, amazon.aws.region.modules, amazon.aws.tags, amazon.aws.boto3
2026-05-17T19:20:46.071517+00:00 ERROR 'ansible_navigator.actions.collections._parse' /usr/share/ansible/collections/ansible_collections/amazon/aws/plugins/modules/rds_option_group.py AnsibleError (get_docstring): unknown doc_fragment(s) in file /usr/share/ansible/collections/ansible_collections/amazon/aws/plugins/modules/rds_option_group.py: amazon.aws.common.modules, amazon.aws.region.modules, amazon.aws.tags, amazon.aws.boto3
2026-05-17T19:20:46.071526+00:00 ERROR 'ansible_navigator.actions.collections._parse' /usr/share/ansible/collections/ansible_collections/amazon/aws/plugins/modules/rds_option_group_info.py AnsibleError (get_docstring): unknown doc_fragment(s) in file /usr/share/ansible/collections/ansible_collections/amazon/aws/plugins/modules/rds_option_group_info.py: amazon.aws.common.modules, amazon.aws.region.modules, amazon.aws.boto3
2026-05-17T19:20:46.071535+00:00 ERROR 'ansible_navigator.actions.collections._parse' /usr/share/ansible/collections/ansible_collections/amazon/aws/plugins/modules/rds_param_group.py AnsibleError (get_docstring): unknown doc_fragment(s) in file /usr/share/ansible/collections/ansible_collections/amazon/aws/plugins/modules/rds_param_group.py: amazon.aws.common.modules, amazon.aws.region.modules, amazon.aws.tags, amazon.aws.boto3
2026-05-17T19:20:46.071543+00:00 ERROR 'ansible_navigator.actions.collections._parse' /usr/share/ansible/collections/ansible_collections/amazon/aws/plugins/modules/rds_snapshot_info.py AnsibleError (get_docstring): unknown doc_fragment(s) in file /usr/share/ansible/collections/ansible_collections/amazon/aws/plugins/modules/rds_snapshot_info.py: amazon.aws.common.modules, amazon.aws.region.modules, amazon.aws.boto3
2026-05-17T19:20:46.071552+00:00 ERROR 'ansible_navigator.actions.collections._parse' /usr/share/ansible/collections/ansible_collections/amazon/aws/plugins/modules/rds_subnet_group.py AnsibleError (get_docstring): unknown doc_fragment(s) in file /usr/share/ansible/collections/ansible_collections/amazon/aws/plugins/modules/rds_subnet_group.py: amazon.aws.common.modules, amazon.aws.region.modules, amazon.aws.tags, amazon.aws.boto3
2026-05-17T19:20:46.071561+00:00 ERROR 'ansible_navigator.actions.collections._parse' /usr/share/ansible/collections/ansible_collections/amazon/aws/plugins/modules/route53.py AnsibleError (get_docstring): unknown doc_fragment(s) in file /usr/share/ansible/collections/ansible_collections/amazon/aws/plugins/modules/route53.py: amazon.aws.common.modules, amazon.aws.boto3
2026-05-17T19:20:46.071570+00:00 ERROR 'ansible_navigator.actions.collections._parse' /usr/share/ansible/collections/ansible_collections/amazon/aws/plugins/modules/route53_health_check.py AnsibleError (get_docstring): unknown doc_fragment(s) in file /usr/share/ansible/collections/ansible_collections/amazon/aws/plugins/modules/route53_health_check.py: amazon.aws.common.modules, amazon.aws.region.modules, amazon.aws.tags, amazon.aws.boto3
2026-05-17T19:20:46.071578+00:00 ERROR 'ansible_navigator.actions.collections._parse' /usr/share/ansible/collections/ansible_collections/amazon/aws/plugins/modules/route53_info.py AnsibleError (get_docstring): unknown doc_fragment(s) in file /usr/share/ansible/collections/ansible_collections/amazon/aws/plugins/modules/route53_info.py: amazon.aws.common.modules, amazon.aws.region.modules, amazon.aws.boto3
2026-05-17T19:20:46.071588+00:00 ERROR 'ansible_navigator.actions.collections._parse' /usr/share/ansible/collections/ansible_collections/amazon/aws/plugins/modules/route53_zone.py AnsibleError (get_docstring): unknown doc_fragment(s) in file /usr/share/ansible/collections/ansible_collections/amazon/aws/plugins/modules/route53_zone.py: amazon.aws.common.modules, amazon.aws.region.modules, amazon.aws.tags, amazon.aws.boto3
2026-05-17T19:20:46.071597+00:00 ERROR 'ansible_navigator.actions.collections._parse' /usr/share/ansible/collections/ansible_collections/amazon/aws/plugins/modules/s3_bucket.py AnsibleError (get_docstring): unknown doc_fragment(s) in file /usr/share/ansible/collections/ansible_collections/amazon/aws/plugins/modules/s3_bucket.py: amazon.aws.common.modules, amazon.aws.region.modules, amazon.aws.tags, amazon.aws.boto3
2026-05-17T19:20:46.071605+00:00 ERROR 'ansible_navigator.actions.collections._parse' /usr/share/ansible/collections/ansible_collections/amazon/aws/plugins/modules/s3_object.py AnsibleError (get_docstring): unknown doc_fragment(s) in file /usr/share/ansible/collections/ansible_collections/amazon/aws/plugins/modules/s3_object.py: amazon.aws.common.modules, amazon.aws.region.modules, amazon.aws.tags, amazon.aws.boto3
2026-05-17T19:20:46.071614+00:00 ERROR 'ansible_navigator.actions.collections._parse' /usr/share/ansible/collections/ansible_collections/amazon/aws/plugins/modules/s3_object_info.py AnsibleError (get_docstring): unknown doc_fragment(s) in file /usr/share/ansible/collections/ansible_collections/amazon/aws/plugins/modules/s3_object_info.py: amazon.aws.common.modules, amazon.aws.region.modules, amazon.aws.boto3
2026-05-17T19:20:46.071623+00:00 ERROR 'ansible_navigator.actions.collections._parse' /usr/share/ansible/collections/ansible_collections/ansible/controller/plugins/inventory/controller.py AnsibleError (get_docstring): unknown doc_fragment(s) in file /usr/share/ansible/collections/ansible_collections/ansible/controller/plugins/inventory/controller.py: ansible.controller.auth_plugin
2026-05-17T19:20:46.071631+00:00 ERROR 'ansible_navigator.actions.collections._parse' /usr/share/ansible/collections/ansible_collections/ansible/controller/plugins/lookup/controller_api.py AnsibleError (get_docstring): unknown doc_fragment(s) in file /usr/share/ansible/collections/ansible_collections/ansible/controller/plugins/lookup/controller_api.py: ansible.controller.auth_plugin
2026-05-17T19:20:46.071640+00:00 ERROR 'ansible_navigator.actions.collections._parse' /usr/share/ansible/collections/ansible_collections/ansible/controller/plugins/modules/ad_hoc_command.py AnsibleError (get_docstring): unknown doc_fragment(s) in file /usr/share/ansible/collections/ansible_collections/ansible/controller/plugins/modules/ad_hoc_command.py: ansible.controller.auth
2026-05-17T19:20:46.071649+00:00 ERROR 'ansible_navigator.actions.collections._parse' /usr/share/ansible/collections/ansible_collections/ansible/controller/plugins/modules/ad_hoc_command_cancel.py AnsibleError (get_docstring): unknown doc_fragment(s) in file /usr/share/ansible/collections/ansible_collections/ansible/controller/plugins/modules/ad_hoc_command_cancel.py: ansible.controller.auth
2026-05-17T19:20:46.071657+00:00 ERROR 'ansible_navigator.actions.collections._parse' /usr/share/ansible/collections/ansible_collections/ansible/controller/plugins/modules/ad_hoc_command_wait.py AnsibleError (get_docstring): unknown doc_fragment(s) in file /usr/share/ansible/collections/ansible_collections/ansible/controller/plugins/modules/ad_hoc_command_wait.py: ansible.controller.auth
2026-05-17T19:20:46.071666+00:00 ERROR 'ansible_navigator.actions.collections._parse' /usr/share/ansible/collections/ansible_collections/ansible/controller/plugins/modules/application.py AnsibleError (get_docstring): unknown doc_fragment(s) in file /usr/share/ansible/collections/ansible_collections/ansible/controller/plugins/modules/application.py: ansible.controller.auth
2026-05-17T19:20:46.071676+00:00 ERROR 'ansible_navigator.actions.collections._parse' /usr/share/ansible/collections/ansible_collections/ansible/controller/plugins/modules/bulk_host_create.py AnsibleError (get_docstring): unknown doc_fragment(s) in file /usr/share/ansible/collections/ansible_collections/ansible/controller/plugins/modules/bulk_host_create.py: ansible.controller.auth
2026-05-17T19:20:46.071685+00:00 ERROR 'ansible_navigator.actions.collections._parse' /usr/share/ansible/collections/ansible_collections/ansible/controller/plugins/modules/bulk_job_launch.py AnsibleError (get_docstring): unknown doc_fragment(s) in file /usr/share/ansible/collections/ansible_collections/ansible/controller/plugins/modules/bulk_job_launch.py: ansible.controller.auth
2026-05-17T19:20:46.071693+00:00 ERROR 'ansible_navigator.actions.collections._parse' /usr/share/ansible/collections/ansible_collections/ansible/controller/plugins/modules/controller_meta.py AnsibleError (get_docstring): unknown doc_fragment(s) in file /usr/share/ansible/collections/ansible_collections/ansible/controller/plugins/modules/controller_meta.py: ansible.controller.auth
2026-05-17T19:20:46.071702+00:00 ERROR 'ansible_navigator.actions.collections._parse' /usr/share/ansible/collections/ansible_collections/ansible/controller/plugins/modules/credential.py AnsibleError (get_docstring): unknown doc_fragment(s) in file /usr/share/ansible/collections/ansible_collections/ansible/controller/plugins/modules/credential.py: ansible.controller.auth
2026-05-17T19:20:46.071714+00:00 ERROR 'ansible_navigator.actions.collections._parse' /usr/share/ansible/collections/ansible_collections/ansible/controller/plugins/modules/credential_input_source.py AnsibleError (get_docstring): unknown doc_fragment(s) in file /usr/share/ansible/collections/ansible_collections/ansible/controller/plugins/modules/credential_input_source.py: ansible.controller.auth
2026-05-17T19:20:46.071723+00:00 ERROR 'ansible_navigator.actions.collections._parse' /usr/share/ansible/collections/ansible_collections/ansible/controller/plugins/modules/credential_type.py AnsibleError (get_docstring): unknown doc_fragment(s) in file /usr/share/ansible/collections/ansible_collections/ansible/controller/plugins/modules/credential_type.py: ansible.controller.auth
2026-05-17T19:20:46.071732+00:00 ERROR 'ansible_navigator.actions.collections._parse' /usr/share/ansible/collections/ansible_collections/ansible/controller/plugins/modules/execution_environment.py AnsibleError (get_docstring): unknown doc_fragment(s) in file /usr/share/ansible/collections/ansible_collections/ansible/controller/plugins/modules/execution_environment.py: ansible.controller.auth
2026-05-17T19:20:46.071740+00:00 ERROR 'ansible_navigator.actions.collections._parse' /usr/share/ansible/collections/ansible_collections/ansible/controller/plugins/modules/export.py AnsibleError (get_docstring): unknown doc_fragment(s) in file /usr/share/ansible/collections/ansible_collections/ansible/controller/plugins/modules/export.py: ansible.controller.auth
2026-05-17T19:20:46.071749+00:00 ERROR 'ansible_navigator.actions.collections._parse' /usr/share/ansible/collections/ansible_collections/ansible/controller/plugins/modules/group.py AnsibleError (get_docstring): unknown doc_fragment(s) in file /usr/share/ansible/collections/ansible_collections/ansible/controller/plugins/modules/group.py: ansible.controller.auth
2026-05-17T19:20:46.071758+00:00 ERROR 'ansible_navigator.actions.collections._parse' /usr/share/ansible/collections/ansible_collections/ansible/controller/plugins/modules/host.py AnsibleError (get_docstring): unknown doc_fragment(s) in file /usr/share/ansible/collections/ansible_collections/ansible/controller/plugins/modules/host.py: ansible.controller.auth
2026-05-17T19:20:46.071766+00:00 ERROR 'ansible_navigator.actions.collections._parse' /usr/share/ansible/collections/ansible_collections/ansible/controller/plugins/modules/import.py AnsibleError (get_docstring): unknown doc_fragment(s) in file /usr/share/ansible/collections/ansible_collections/ansible/controller/plugins/modules/import.py: ansible.controller.auth
2026-05-17T19:20:46.071778+00:00 ERROR 'ansible_navigator.actions.collections._parse' /usr/share/ansible/collections/ansible_collections/ansible/controller/plugins/modules/instance.py AnsibleError (get_docstring): unknown doc_fragment(s) in file /usr/share/ansible/collections/ansible_collections/ansible/controller/plugins/modules/instance.py: ansible.controller.auth
2026-05-17T19:20:46.071786+00:00 ERROR 'ansible_navigator.actions.collections._parse' /usr/share/ansible/collections/ansible_collections/ansible/controller/plugins/modules/instance_group.py AnsibleError (get_docstring): unknown doc_fragment(s) in file /usr/share/ansible/collections/ansible_collections/ansible/controller/plugins/modules/instance_group.py: ansible.controller.auth
2026-05-17T19:20:46.071795+00:00 ERROR 'ansible_navigator.actions.collections._parse' /usr/share/ansible/collections/ansible_collections/ansible/controller/plugins/modules/inventory.py AnsibleError (get_docstring): unknown doc_fragment(s) in file /usr/share/ansible/collections/ansible_collections/ansible/controller/plugins/modules/inventory.py: ansible.controller.auth
2026-05-17T19:20:46.071803+00:00 ERROR 'ansible_navigator.actions.collections._parse' /usr/share/ansible/collections/ansible_collections/ansible/controller/plugins/modules/inventory_source.py AnsibleError (get_docstring): unknown doc_fragment(s) in file /usr/share/ansible/collections/ansible_collections/ansible/controller/plugins/modules/inventory_source.py: ansible.controller.auth
2026-05-17T19:20:46.071812+00:00 ERROR 'ansible_navigator.actions.collections._parse' /usr/share/ansible/collections/ansible_collections/ansible/controller/plugins/modules/inventory_source_update.py AnsibleError (get_docstring): unknown doc_fragment(s) in file /usr/share/ansible/collections/ansible_collections/ansible/controller/plugins/modules/inventory_source_update.py: ansible.controller.auth
2026-05-17T19:20:46.071821+00:00 ERROR 'ansible_navigator.actions.collections._parse' /usr/share/ansible/collections/ansible_collections/ansible/controller/plugins/modules/job_cancel.py AnsibleError (get_docstring): unknown doc_fragment(s) in file /usr/share/ansible/collections/ansible_collections/ansible/controller/plugins/modules/job_cancel.py: ansible.controller.auth
2026-05-17T19:20:46.071830+00:00 ERROR 'ansible_navigator.actions.collections._parse' /usr/share/ansible/collections/ansible_collections/ansible/controller/plugins/modules/job_launch.py AnsibleError (get_docstring): unknown doc_fragment(s) in file /usr/share/ansible/collections/ansible_collections/ansible/controller/plugins/modules/job_launch.py: ansible.controller.auth
2026-05-17T19:20:46.071838+00:00 ERROR 'ansible_navigator.actions.collections._parse' /usr/share/ansible/collections/ansible_collections/ansible/controller/plugins/modules/job_list.py AnsibleError (get_docstring): unknown doc_fragment(s) in file /usr/share/ansible/collections/ansible_collections/ansible/controller/plugins/modules/job_list.py: ansible.controller.auth
2026-05-17T19:20:46.071847+00:00 ERROR 'ansible_navigator.actions.collections._parse' /usr/share/ansible/collections/ansible_collections/ansible/controller/plugins/modules/job_template.py AnsibleError (get_docstring): unknown doc_fragment(s) in file /usr/share/ansible/collections/ansible_collections/ansible/controller/plugins/modules/job_template.py: ansible.controller.auth
2026-05-17T19:20:46.071856+00:00 ERROR 'ansible_navigator.actions.collections._parse' /usr/share/ansible/collections/ansible_collections/ansible/controller/plugins/modules/job_wait.py AnsibleError (get_docstring): unknown doc_fragment(s) in file /usr/share/ansible/collections/ansible_collections/ansible/controller/plugins/modules/job_wait.py: ansible.controller.auth
2026-05-17T19:20:46.071865+00:00 ERROR 'ansible_navigator.actions.collections._parse' /usr/share/ansible/collections/ansible_collections/ansible/controller/plugins/modules/label.py AnsibleError (get_docstring): unknown doc_fragment(s) in file /usr/share/ansible/collections/ansible_collections/ansible/controller/plugins/modules/label.py: ansible.controller.auth
2026-05-17T19:20:46.071875+00:00 ERROR 'ansible_navigator.actions.collections._parse' /usr/share/ansible/collections/ansible_collections/ansible/controller/plugins/modules/license.py AnsibleError (get_docstring): unknown doc_fragment(s) in file /usr/share/ansible/collections/ansible_collections/ansible/controller/plugins/modules/license.py: ansible.controller.auth
2026-05-17T19:20:46.071883+00:00 ERROR 'ansible_navigator.actions.collections._parse' /usr/share/ansible/collections/ansible_collections/ansible/controller/plugins/modules/notification_template.py AnsibleError (get_docstring): unknown doc_fragment(s) in file /usr/share/ansible/collections/ansible_collections/ansible/controller/plugins/modules/notification_template.py: ansible.controller.auth
2026-05-17T19:20:46.071892+00:00 ERROR 'ansible_navigator.actions.collections._parse' /usr/share/ansible/collections/ansible_collections/ansible/controller/plugins/modules/organization.py AnsibleError (get_docstring): unknown doc_fragment(s) in file /usr/share/ansible/collections/ansible_collections/ansible/controller/plugins/modules/organization.py: ansible.controller.auth
2026-05-17T19:20:46.071901+00:00 ERROR 'ansible_navigator.actions.collections._parse' /usr/share/ansible/collections/ansible_collections/ansible/controller/plugins/modules/project.py AnsibleError (get_docstring): unknown doc_fragment(s) in file /usr/share/ansible/collections/ansible_collections/ansible/controller/plugins/modules/project.py: ansible.controller.auth
2026-05-17T19:20:46.071909+00:00 ERROR 'ansible_navigator.actions.collections._parse' /usr/share/ansible/collections/ansible_collections/ansible/controller/plugins/modules/project_update.py AnsibleError (get_docstring): unknown doc_fragment(s) in file /usr/share/ansible/collections/ansible_collections/ansible/controller/plugins/modules/project_update.py: ansible.controller.auth
2026-05-17T19:20:46.071918+00:00 ERROR 'ansible_navigator.actions.collections._parse' /usr/share/ansible/collections/ansible_collections/ansible/controller/plugins/modules/role.py AnsibleError (get_docstring): unknown doc_fragment(s) in file /usr/share/ansible/collections/ansible_collections/ansible/controller/plugins/modules/role.py: ansible.controller.auth
2026-05-17T19:20:46.071926+00:00 ERROR 'ansible_navigator.actions.collections._parse' /usr/share/ansible/collections/ansible_collections/ansible/controller/plugins/modules/schedule.py AnsibleError (get_docstring): unknown doc_fragment(s) in file /usr/share/ansible/collections/ansible_collections/ansible/controller/plugins/modules/schedule.py: ansible.controller.auth
2026-05-17T19:20:46.071935+00:00 ERROR 'ansible_navigator.actions.collections._parse' /usr/share/ansible/collections/ansible_collections/ansible/controller/plugins/modules/settings.py AnsibleError (get_docstring): unknown doc_fragment(s) in file /usr/share/ansible/collections/ansible_collections/ansible/controller/plugins/modules/settings.py: ansible.controller.auth
2026-05-17T19:20:46.071944+00:00 ERROR 'ansible_navigator.actions.collections._parse' /usr/share/ansible/collections/ansible_collections/ansible/controller/plugins/modules/subscriptions.py AnsibleError (get_docstring): unknown doc_fragment(s) in file /usr/share/ansible/collections/ansible_collections/ansible/controller/plugins/modules/subscriptions.py: ansible.controller.auth
2026-05-17T19:20:46.071952+00:00 ERROR 'ansible_navigator.actions.collections._parse' /usr/share/ansible/collections/ansible_collections/ansible/controller/plugins/modules/team.py AnsibleError (get_docstring): unknown doc_fragment(s) in file /usr/share/ansible/collections/ansible_collections/ansible/controller/plugins/modules/team.py: ansible.controller.auth
2026-05-17T19:20:46.071961+00:00 ERROR 'ansible_navigator.actions.collections._parse' /usr/share/ansible/collections/ansible_collections/ansible/controller/plugins/modules/token.py AnsibleError (get_docstring): unknown doc_fragment(s) in file /usr/share/ansible/collections/ansible_collections/ansible/controller/plugins/modules/token.py: ansible.controller.auth
2026-05-17T19:20:46.071971+00:00 ERROR 'ansible_navigator.actions.collections._parse' /usr/share/ansible/collections/ansible_collections/ansible/controller/plugins/modules/user.py AnsibleError (get_docstring): unknown doc_fragment(s) in file /usr/share/ansible/collections/ansible_collections/ansible/controller/plugins/modules/user.py: ansible.controller.auth
2026-05-17T19:20:46.071980+00:00 ERROR 'ansible_navigator.actions.collections._parse' /usr/share/ansible/collections/ansible_collections/ansible/controller/plugins/modules/workflow_approval.py AnsibleError (get_docstring): unknown doc_fragment(s) in file /usr/share/ansible/collections/ansible_collections/ansible/controller/plugins/modules/workflow_approval.py: ansible.controller.auth
2026-05-17T19:20:46.071988+00:00 ERROR 'ansible_navigator.actions.collections._parse' /usr/share/ansible/collections/ansible_collections/ansible/controller/plugins/modules/workflow_job_template.py AnsibleError (get_docstring): unknown doc_fragment(s) in file /usr/share/ansible/collections/ansible_collections/ansible/controller/plugins/modules/workflow_job_template.py: ansible.controller.auth
2026-05-17T19:20:46.071997+00:00 ERROR 'ansible_navigator.actions.collections._parse' /usr/share/ansible/collections/ansible_collections/ansible/controller/plugins/modules/workflow_job_template_node.py AnsibleError (get_docstring): unknown doc_fragment(s) in file /usr/share/ansible/collections/ansible_collections/ansible/controller/plugins/modules/workflow_job_template_node.py: ansible.controller.auth
2026-05-17T19:20:46.072005+00:00 ERROR 'ansible_navigator.actions.collections._parse' /usr/share/ansible/collections/ansible_collections/ansible/controller/plugins/modules/workflow_launch.py AnsibleError (get_docstring): unknown doc_fragment(s) in file /usr/share/ansible/collections/ansible_collections/ansible/controller/plugins/modules/workflow_launch.py: ansible.controller.auth
2026-05-17T19:20:46.072014+00:00 ERROR 'ansible_navigator.actions.collections._parse' /usr/share/ansible/collections/ansible_collections/ansible/controller/plugins/modules/workflow_node_wait.py AnsibleError (get_docstring): unknown doc_fragment(s) in file /usr/share/ansible/collections/ansible_collections/ansible/controller/plugins/modules/workflow_node_wait.py: ansible.controller.auth
2026-05-17T19:20:46.072023+00:00 ERROR 'ansible_navigator.actions.collections._parse' /usr/share/ansible/collections/ansible_collections/ansible/netcommon/plugins/connection/grpc.py AnsibleError (get_docstring): unknown doc_fragment(s) in file /usr/share/ansible/collections/ansible_collections/ansible/netcommon/plugins/connection/grpc.py: ansible.netcommon.connection_persistent
2026-05-17T19:20:46.072031+00:00 ERROR 'ansible_navigator.actions.collections._parse' /usr/share/ansible/collections/ansible_collections/ansible/netcommon/plugins/connection/httpapi.py AnsibleError (get_docstring): unknown doc_fragment(s) in file /usr/share/ansible/collections/ansible_collections/ansible/netcommon/plugins/connection/httpapi.py: ansible.netcommon.connection_persistent
2026-05-17T19:20:46.072040+00:00 ERROR 'ansible_navigator.actions.collections._parse' /usr/share/ansible/collections/ansible_collections/ansible/netcommon/plugins/connection/netconf.py AnsibleError (get_docstring): unknown doc_fragment(s) in file /usr/share/ansible/collections/ansible_collections/ansible/netcommon/plugins/connection/netconf.py: ansible.netcommon.connection_persistent
2026-05-17T19:20:46.072049+00:00 ERROR 'ansible_navigator.actions.collections._parse' /usr/share/ansible/collections/ansible_collections/ansible/netcommon/plugins/connection/network_cli.py AnsibleError (get_docstring): unknown doc_fragment(s) in file /usr/share/ansible/collections/ansible_collections/ansible/netcommon/plugins/connection/network_cli.py: ansible.netcommon.connection_persistent
2026-05-17T19:20:46.072057+00:00 ERROR 'ansible_navigator.actions.collections._parse' /usr/share/ansible/collections/ansible_collections/ansible/netcommon/plugins/connection/persistent.py AnsibleError (get_docstring): unknown doc_fragment(s) in file /usr/share/ansible/collections/ansible_collections/ansible/netcommon/plugins/connection/persistent.py: ansible.netcommon.connection_persistent
2026-05-17T19:20:46.072069+00:00 ERROR 'ansible_navigator.actions.collections._parse' /usr/share/ansible/collections/ansible_collections/ansible/netcommon/plugins/modules/cli_backup.py AnsibleError (get_docstring): unknown doc_fragment(s) in file /usr/share/ansible/collections/ansible_collections/ansible/netcommon/plugins/modules/cli_backup.py: ansible.netcommon.network_agnostic
2026-05-17T19:20:46.072077+00:00 ERROR 'ansible_navigator.actions.collections._parse' /usr/share/ansible/collections/ansible_collections/ansible/netcommon/plugins/modules/cli_command.py AnsibleError (get_docstring): unknown doc_fragment(s) in file /usr/share/ansible/collections/ansible_collections/ansible/netcommon/plugins/modules/cli_command.py: ansible.netcommon.network_agnostic
2026-05-17T19:20:46.072086+00:00 ERROR 'ansible_navigator.actions.collections._parse' /usr/share/ansible/collections/ansible_collections/ansible/netcommon/plugins/modules/cli_config.py AnsibleError (get_docstring): unknown doc_fragment(s) in file /usr/share/ansible/collections/ansible_collections/ansible/netcommon/plugins/modules/cli_config.py: ansible.netcommon.network_agnostic
2026-05-17T19:20:46.072095+00:00 ERROR 'ansible_navigator.actions.collections._parse' /usr/share/ansible/collections/ansible_collections/ansible/netcommon/plugins/modules/net_get.py AnsibleError (get_docstring): unknown doc_fragment(s) in file /usr/share/ansible/collections/ansible_collections/ansible/netcommon/plugins/modules/net_get.py: ansible.netcommon.network_agnostic
2026-05-17T19:20:46.072104+00:00 ERROR 'ansible_navigator.actions.collections._parse' /usr/share/ansible/collections/ansible_collections/ansible/netcommon/plugins/modules/net_ping.py AnsibleError (get_docstring): unknown doc_fragment(s) in file /usr/share/ansible/collections/ansible_collections/ansible/netcommon/plugins/modules/net_ping.py: ansible.netcommon.network_agnostic
2026-05-17T19:20:46.072112+00:00 ERROR 'ansible_navigator.actions.collections._parse' /usr/share/ansible/collections/ansible_collections/ansible/netcommon/plugins/modules/net_put.py AnsibleError (get_docstring): unknown doc_fragment(s) in file /usr/share/ansible/collections/ansible_collections/ansible/netcommon/plugins/modules/net_put.py: ansible.netcommon.network_agnostic
2026-05-17T19:20:46.072121+00:00 ERROR 'ansible_navigator.actions.collections._parse' /usr/share/ansible/collections/ansible_collections/ansible/netcommon/plugins/modules/netconf_config.py AnsibleError (get_docstring): unknown doc_fragment(s) in file /usr/share/ansible/collections/ansible_collections/ansible/netcommon/plugins/modules/netconf_config.py: ansible.netcommon.network_agnostic
2026-05-17T19:20:46.072129+00:00 ERROR 'ansible_navigator.actions.collections._parse' /usr/share/ansible/collections/ansible_collections/ansible/netcommon/plugins/modules/netconf_get.py AnsibleError (get_docstring): unknown doc_fragment(s) in file /usr/share/ansible/collections/ansible_collections/ansible/netcommon/plugins/modules/netconf_get.py: ansible.netcommon.network_agnostic
2026-05-17T19:20:46.072138+00:00 ERROR 'ansible_navigator.actions.collections._parse' /usr/share/ansible/collections/ansible_collections/ansible/netcommon/plugins/modules/netconf_rpc.py AnsibleError (get_docstring): unknown doc_fragment(s) in file /usr/share/ansible/collections/ansible_collections/ansible/netcommon/plugins/modules/netconf_rpc.py: ansible.netcommon.network_agnostic
2026-05-17T19:20:46.072146+00:00 ERROR 'ansible_navigator.actions.collections._parse' /usr/share/ansible/collections/ansible_collections/ansible/windows/plugins/modules/win_get_url.py AnsibleError (get_docstring): unknown doc_fragment(s) in file /usr/share/ansible/collections/ansible_collections/ansible/windows/plugins/modules/win_get_url.py: ansible.windows.web_request
2026-05-17T19:20:46.072156+00:00 ERROR 'ansible_navigator.actions.collections._parse' /usr/share/ansible/collections/ansible_collections/ansible/windows/plugins/modules/win_package.py AnsibleError (get_docstring): unknown doc_fragment(s) in file /usr/share/ansible/collections/ansible_collections/ansible/windows/plugins/modules/win_package.py: ansible.windows.web_request
2026-05-17T19:20:46.072165+00:00 ERROR 'ansible_navigator.actions.collections._parse' /usr/share/ansible/collections/ansible_collections/ansible/windows/plugins/modules/win_uri.py AnsibleError (get_docstring): unknown doc_fragment(s) in file /usr/share/ansible/collections/ansible_collections/ansible/windows/plugins/modules/win_uri.py: ansible.windows.web_request
2026-05-17T19:20:46.072173+00:00 ERROR 'ansible_navigator.actions.collections._parse' /usr/share/ansible/collections/ansible_collections/cisco/asa/plugins/modules/asa_command.py AnsibleError (get_docstring): unknown doc_fragment(s) in file /usr/share/ansible/collections/ansible_collections/cisco/asa/plugins/modules/asa_command.py: cisco.asa.asa
2026-05-17T19:20:46.072182+00:00 ERROR 'ansible_navigator.actions.collections._parse' /usr/share/ansible/collections/ansible_collections/cisco/asa/plugins/modules/asa_config.py AnsibleError (get_docstring): unknown doc_fragment(s) in file /usr/share/ansible/collections/ansible_collections/cisco/asa/plugins/modules/asa_config.py: cisco.asa.asa
2026-05-17T19:20:46.072191+00:00 ERROR 'ansible_navigator.actions.collections._parse' /usr/share/ansible/collections/ansible_collections/cisco/asa/plugins/modules/asa_facts.py AnsibleError (get_docstring): unknown doc_fragment(s) in file /usr/share/ansible/collections/ansible_collections/cisco/asa/plugins/modules/asa_facts.py: cisco.asa.asa
2026-05-17T19:20:46.072199+00:00 ERROR 'ansible_navigator.actions.collections._parse' /usr/share/ansible/collections/ansible_collections/cisco/ios/plugins/modules/ios_banner.py AnsibleError (get_docstring): unknown doc_fragment(s) in file /usr/share/ansible/collections/ansible_collections/cisco/ios/plugins/modules/ios_banner.py: cisco.ios.ios
2026-05-17T19:20:46.072208+00:00 ERROR 'ansible_navigator.actions.collections._parse' /usr/share/ansible/collections/ansible_collections/cisco/ios/plugins/modules/ios_command.py AnsibleError (get_docstring): unknown doc_fragment(s) in file /usr/share/ansible/collections/ansible_collections/cisco/ios/plugins/modules/ios_command.py: cisco.ios.ios
2026-05-17T19:20:46.072217+00:00 ERROR 'ansible_navigator.actions.collections._parse' /usr/share/ansible/collections/ansible_collections/cisco/ios/plugins/modules/ios_config.py AnsibleError (get_docstring): unknown doc_fragment(s) in file /usr/share/ansible/collections/ansible_collections/cisco/ios/plugins/modules/ios_config.py: cisco.ios.ios
2026-05-17T19:20:46.072225+00:00 ERROR 'ansible_navigator.actions.collections._parse' /usr/share/ansible/collections/ansible_collections/cisco/ios/plugins/modules/ios_facts.py AnsibleError (get_docstring): unknown doc_fragment(s) in file /usr/share/ansible/collections/ansible_collections/cisco/ios/plugins/modules/ios_facts.py: cisco.ios.ios
2026-05-17T19:20:46.072234+00:00 ERROR 'ansible_navigator.actions.collections._parse' /usr/share/ansible/collections/ansible_collections/cisco/ios/plugins/modules/ios_linkagg.py AnsibleError (get_docstring): unknown doc_fragment(s) in file /usr/share/ansible/collections/ansible_collections/cisco/ios/plugins/modules/ios_linkagg.py: cisco.ios.ios
2026-05-17T19:20:46.072242+00:00 ERROR 'ansible_navigator.actions.collections._parse' /usr/share/ansible/collections/ansible_collections/cisco/ios/plugins/modules/ios_lldp.py AnsibleError (get_docstring): unknown doc_fragment(s) in file /usr/share/ansible/collections/ansible_collections/cisco/ios/plugins/modules/ios_lldp.py: cisco.ios.ios
2026-05-17T19:20:46.072251+00:00 ERROR 'ansible_navigator.actions.collections._parse' /usr/share/ansible/collections/ansible_collections/cisco/ios/plugins/modules/ios_ntp.py AnsibleError (get_docstring): unknown doc_fragment(s) in file /usr/share/ansible/collections/ansible_collections/cisco/ios/plugins/modules/ios_ntp.py: cisco.ios.ios
2026-05-17T19:20:46.072262+00:00 ERROR 'ansible_navigator.actions.collections._parse' /usr/share/ansible/collections/ansible_collections/cisco/ios/plugins/modules/ios_system.py AnsibleError (get_docstring): unknown doc_fragment(s) in file /usr/share/ansible/collections/ansible_collections/cisco/ios/plugins/modules/ios_system.py: cisco.ios.ios
2026-05-17T19:20:46.072270+00:00 ERROR 'ansible_navigator.actions.collections._parse' /usr/share/ansible/collections/ansible_collections/cisco/ios/plugins/modules/ios_user.py AnsibleError (get_docstring): unknown doc_fragment(s) in file /usr/share/ansible/collections/ansible_collections/cisco/ios/plugins/modules/ios_user.py: cisco.ios.ios
2026-05-17T19:20:46.072279+00:00 ERROR 'ansible_navigator.actions.collections._parse' /usr/share/ansible/collections/ansible_collections/cisco/ios/plugins/modules/ios_vrf.py AnsibleError (get_docstring): unknown doc_fragment(s) in file /usr/share/ansible/collections/ansible_collections/cisco/ios/plugins/modules/ios_vrf.py: cisco.ios.ios
2026-05-17T19:20:46.072288+00:00 ERROR 'ansible_navigator.actions.collections._parse' /usr/share/ansible/collections/ansible_collections/cisco/iosxr/plugins/modules/iosxr_banner.py AnsibleError (get_docstring): unknown doc_fragment(s) in file /usr/share/ansible/collections/ansible_collections/cisco/iosxr/plugins/modules/iosxr_banner.py: cisco.iosxr.iosxr
2026-05-17T19:20:46.072296+00:00 ERROR 'ansible_navigator.actions.collections._parse' /usr/share/ansible/collections/ansible_collections/cisco/iosxr/plugins/modules/iosxr_command.py AnsibleError (get_docstring): unknown doc_fragment(s) in file /usr/share/ansible/collections/ansible_collections/cisco/iosxr/plugins/modules/iosxr_command.py: cisco.iosxr.iosxr
2026-05-17T19:20:46.072305+00:00 ERROR 'ansible_navigator.actions.collections._parse' /usr/share/ansible/collections/ansible_collections/cisco/iosxr/plugins/modules/iosxr_config.py AnsibleError (get_docstring): unknown doc_fragment(s) in file /usr/share/ansible/collections/ansible_collections/cisco/iosxr/plugins/modules/iosxr_config.py: cisco.iosxr.iosxr
2026-05-17T19:20:46.072313+00:00 ERROR 'ansible_navigator.actions.collections._parse' /usr/share/ansible/collections/ansible_collections/cisco/iosxr/plugins/modules/iosxr_facts.py AnsibleError (get_docstring): unknown doc_fragment(s) in file /usr/share/ansible/collections/ansible_collections/cisco/iosxr/plugins/modules/iosxr_facts.py: cisco.iosxr.iosxr
2026-05-17T19:20:46.072322+00:00 ERROR 'ansible_navigator.actions.collections._parse' /usr/share/ansible/collections/ansible_collections/cisco/iosxr/plugins/modules/iosxr_logging.py AnsibleError (get_docstring): unknown doc_fragment(s) in file /usr/share/ansible/collections/ansible_collections/cisco/iosxr/plugins/modules/iosxr_logging.py: cisco.iosxr.iosxr
2026-05-17T19:20:46.072330+00:00 ERROR 'ansible_navigator.actions.collections._parse' /usr/share/ansible/collections/ansible_collections/cisco/iosxr/plugins/modules/iosxr_netconf.py AnsibleError (get_docstring): unknown doc_fragment(s) in file /usr/share/ansible/collections/ansible_collections/cisco/iosxr/plugins/modules/iosxr_netconf.py: cisco.iosxr.iosxr
2026-05-17T19:20:46.072339+00:00 ERROR 'ansible_navigator.actions.collections._parse' /usr/share/ansible/collections/ansible_collections/cisco/iosxr/plugins/modules/iosxr_system.py AnsibleError (get_docstring): unknown doc_fragment(s) in file /usr/share/ansible/collections/ansible_collections/cisco/iosxr/plugins/modules/iosxr_system.py: cisco.iosxr.iosxr
2026-05-17T19:20:46.072347+00:00 ERROR 'ansible_navigator.actions.collections._parse' /usr/share/ansible/collections/ansible_collections/cisco/iosxr/plugins/modules/iosxr_user.py AnsibleError (get_docstring): unknown doc_fragment(s) in file /usr/share/ansible/collections/ansible_collections/cisco/iosxr/plugins/modules/iosxr_user.py: cisco.iosxr.iosxr
2026-05-17T19:20:46.072356+00:00 ERROR 'ansible_navigator.actions.collections._parse' /usr/share/ansible/collections/ansible_collections/cisco/nxos/plugins/modules/nxos_aaa_server.py AnsibleError (get_docstring): unknown doc_fragment(s) in file /usr/share/ansible/collections/ansible_collections/cisco/nxos/plugins/modules/nxos_aaa_server.py: cisco.nxos.nxos
2026-05-17T19:20:46.072366+00:00 ERROR 'ansible_navigator.actions.collections._parse' /usr/share/ansible/collections/ansible_collections/cisco/nxos/plugins/modules/nxos_aaa_server_host.py AnsibleError (get_docstring): unknown doc_fragment(s) in file /usr/share/ansible/collections/ansible_collections/cisco/nxos/plugins/modules/nxos_aaa_server_host.py: cisco.nxos.nxos
2026-05-17T19:20:46.072375+00:00 ERROR 'ansible_navigator.actions.collections._parse' /usr/share/ansible/collections/ansible_collections/cisco/nxos/plugins/modules/nxos_banner.py AnsibleError (get_docstring): unknown doc_fragment(s) in file /usr/share/ansible/collections/ansible_collections/cisco/nxos/plugins/modules/nxos_banner.py: cisco.nxos.nxos
2026-05-17T19:20:46.072383+00:00 ERROR 'ansible_navigator.actions.collections._parse' /usr/share/ansible/collections/ansible_collections/cisco/nxos/plugins/modules/nxos_bfd_global.py AnsibleError (get_docstring): unknown doc_fragment(s) in file /usr/share/ansible/collections/ansible_collections/cisco/nxos/plugins/modules/nxos_bfd_global.py: cisco.nxos.nxos
2026-05-17T19:20:46.072392+00:00 ERROR 'ansible_navigator.actions.collections._parse' /usr/share/ansible/collections/ansible_collections/cisco/nxos/plugins/modules/nxos_command.py AnsibleError (get_docstring): unknown doc_fragment(s) in file /usr/share/ansible/collections/ansible_collections/cisco/nxos/plugins/modules/nxos_command.py: cisco.nxos.nxos
2026-05-17T19:20:46.072401+00:00 ERROR 'ansible_navigator.actions.collections._parse' /usr/share/ansible/collections/ansible_collections/cisco/nxos/plugins/modules/nxos_config.py AnsibleError (get_docstring): unknown doc_fragment(s) in file /usr/share/ansible/collections/ansible_collections/cisco/nxos/plugins/modules/nxos_config.py: cisco.nxos.nxos
2026-05-17T19:20:46.072425+00:00 ERROR 'ansible_navigator.actions.collections._parse' /usr/share/ansible/collections/ansible_collections/cisco/nxos/plugins/modules/nxos_evpn_global.py AnsibleError (get_docstring): unknown doc_fragment(s) in file /usr/share/ansible/collections/ansible_collections/cisco/nxos/plugins/modules/nxos_evpn_global.py: cisco.nxos.nxos
2026-05-17T19:20:46.072448+00:00 ERROR 'ansible_navigator.actions.collections._parse' /usr/share/ansible/collections/ansible_collections/cisco/nxos/plugins/modules/nxos_evpn_vni.py AnsibleError (get_docstring): unknown doc_fragment(s) in file /usr/share/ansible/collections/ansible_collections/cisco/nxos/plugins/modules/nxos_evpn_vni.py: cisco.nxos.nxos
2026-05-17T19:20:46.072462+00:00 ERROR 'ansible_navigator.actions.collections._parse' /usr/share/ansible/collections/ansible_collections/cisco/nxos/plugins/modules/nxos_facts.py AnsibleError (get_docstring): unknown doc_fragment(s) in file /usr/share/ansible/collections/ansible_collections/cisco/nxos/plugins/modules/nxos_facts.py: cisco.nxos.nxos
2026-05-17T19:20:46.072474+00:00 ERROR 'ansible_navigator.actions.collections._parse' /usr/share/ansible/collections/ansible_collections/cisco/nxos/plugins/modules/nxos_feature.py AnsibleError (get_docstring): unknown doc_fragment(s) in file /usr/share/ansible/collections/ansible_collections/cisco/nxos/plugins/modules/nxos_feature.py: cisco.nxos.nxos
2026-05-17T19:20:46.072485+00:00 ERROR 'ansible_navigator.actions.collections._parse' /usr/share/ansible/collections/ansible_collections/cisco/nxos/plugins/modules/nxos_file_copy.py AnsibleError (get_docstring): unknown doc_fragment(s) in file /usr/share/ansible/collections/ansible_collections/cisco/nxos/plugins/modules/nxos_file_copy.py: cisco.nxos.nxos
2026-05-17T19:20:46.072494+00:00 ERROR 'ansible_navigator.actions.collections._parse' /usr/share/ansible/collections/ansible_collections/cisco/nxos/plugins/modules/nxos_gir.py AnsibleError (get_docstring): unknown doc_fragment(s) in file /usr/share/ansible/collections/ansible_collections/cisco/nxos/plugins/modules/nxos_gir.py: cisco.nxos.nxos
2026-05-17T19:20:46.072506+00:00 ERROR 'ansible_navigator.actions.collections._parse' /usr/share/ansible/collections/ansible_collections/cisco/nxos/plugins/modules/nxos_gir_profile_management.py AnsibleError (get_docstring): unknown doc_fragment(s) in file /usr/share/ansible/collections/ansible_collections/cisco/nxos/plugins/modules/nxos_gir_profile_management.py: cisco.nxos.nxos
2026-05-17T19:20:46.072515+00:00 ERROR 'ansible_navigator.actions.collections._parse' /usr/share/ansible/collections/ansible_collections/cisco/nxos/plugins/modules/nxos_hsrp.py AnsibleError (get_docstring): unknown doc_fragment(s) in file /usr/share/ansible/collections/ansible_collections/cisco/nxos/plugins/modules/nxos_hsrp.py: cisco.nxos.nxos
2026-05-17T19:20:46.072524+00:00 ERROR 'ansible_navigator.actions.collections._parse' /usr/share/ansible/collections/ansible_collections/cisco/nxos/plugins/modules/nxos_igmp.py AnsibleError (get_docstring): unknown doc_fragment(s) in file /usr/share/ansible/collections/ansible_collections/cisco/nxos/plugins/modules/nxos_igmp.py: cisco.nxos.nxos
2026-05-17T19:20:46.072532+00:00 ERROR 'ansible_navigator.actions.collections._parse' /usr/share/ansible/collections/ansible_collections/cisco/nxos/plugins/modules/nxos_igmp_interface.py AnsibleError (get_docstring): unknown doc_fragment(s) in file /usr/share/ansible/collections/ansible_collections/cisco/nxos/plugins/modules/nxos_igmp_interface.py: cisco.nxos.nxos
2026-05-17T19:20:46.072541+00:00 ERROR 'ansible_navigator.actions.collections._parse' /usr/share/ansible/collections/ansible_collections/cisco/nxos/plugins/modules/nxos_igmp_snooping.py AnsibleError (get_docstring): unknown doc_fragment(s) in file /usr/share/ansible/collections/ansible_collections/cisco/nxos/plugins/modules/nxos_igmp_snooping.py: cisco.nxos.nxos
2026-05-17T19:20:46.072550+00:00 ERROR 'ansible_navigator.actions.collections._parse' /usr/share/ansible/collections/ansible_collections/cisco/nxos/plugins/modules/nxos_install_os.py AnsibleError (get_docstring): unknown doc_fragment(s) in file /usr/share/ansible/collections/ansible_collections/cisco/nxos/plugins/modules/nxos_install_os.py: cisco.nxos.nxos
2026-05-17T19:20:46.072558+00:00 ERROR 'ansible_navigator.actions.collections._parse' /usr/share/ansible/collections/ansible_collections/cisco/nxos/plugins/modules/nxos_logging.py AnsibleError (get_docstring): unknown doc_fragment(s) in file /usr/share/ansible/collections/ansible_collections/cisco/nxos/plugins/modules/nxos_logging.py: cisco.nxos.nxos
2026-05-17T19:20:46.072567+00:00 ERROR 'ansible_navigator.actions.collections._parse' /usr/share/ansible/collections/ansible_collections/cisco/nxos/plugins/modules/nxos_ntp.py AnsibleError (get_docstring): unknown doc_fragment(s) in file /usr/share/ansible/collections/ansible_collections/cisco/nxos/plugins/modules/nxos_ntp.py: cisco.nxos.nxos
2026-05-17T19:20:46.072576+00:00 ERROR 'ansible_navigator.actions.collections._parse' /usr/share/ansible/collections/ansible_collections/cisco/nxos/plugins/modules/nxos_ntp_auth.py AnsibleError (get_docstring): unknown doc_fragment(s) in file /usr/share/ansible/collections/ansible_collections/cisco/nxos/plugins/modules/nxos_ntp_auth.py: cisco.nxos.nxos
2026-05-17T19:20:46.072585+00:00 ERROR 'ansible_navigator.actions.collections._parse' /usr/share/ansible/collections/ansible_collections/cisco/nxos/plugins/modules/nxos_ntp_options.py AnsibleError (get_docstring): unknown doc_fragment(s) in file /usr/share/ansible/collections/ansible_collections/cisco/nxos/plugins/modules/nxos_ntp_options.py: cisco.nxos.nxos
2026-05-17T19:20:46.072593+00:00 ERROR 'ansible_navigator.actions.collections._parse' /usr/share/ansible/collections/ansible_collections/cisco/nxos/plugins/modules/nxos_nxapi.py AnsibleError (get_docstring): unknown doc_fragment(s) in file /usr/share/ansible/collections/ansible_collections/cisco/nxos/plugins/modules/nxos_nxapi.py: cisco.nxos.nxos
2026-05-17T19:20:46.072602+00:00 ERROR 'ansible_navigator.actions.collections._parse' /usr/share/ansible/collections/ansible_collections/cisco/nxos/plugins/modules/nxos_overlay_global.py AnsibleError (get_docstring): unknown doc_fragment(s) in file /usr/share/ansible/collections/ansible_collections/cisco/nxos/plugins/modules/nxos_overlay_global.py: cisco.nxos.nxos
2026-05-17T19:20:46.072612+00:00 ERROR 'ansible_navigator.actions.collections._parse' /usr/share/ansible/collections/ansible_collections/cisco/nxos/plugins/modules/nxos_pim.py AnsibleError (get_docstring): unknown doc_fragment(s) in file /usr/share/ansible/collections/ansible_collections/cisco/nxos/plugins/modules/nxos_pim.py: cisco.nxos.nxos
2026-05-17T19:20:46.072621+00:00 ERROR 'ansible_navigator.actions.collections._parse' /usr/share/ansible/collections/ansible_collections/cisco/nxos/plugins/modules/nxos_pim_interface.py AnsibleError (get_docstring): unknown doc_fragment(s) in file /usr/share/ansible/collections/ansible_collections/cisco/nxos/plugins/modules/nxos_pim_interface.py: cisco.nxos.nxos
2026-05-17T19:20:46.072630+00:00 ERROR 'ansible_navigator.actions.collections._parse' /usr/share/ansible/collections/ansible_collections/cisco/nxos/plugins/modules/nxos_pim_rp_address.py AnsibleError (get_docstring): unknown doc_fragment(s) in file /usr/share/ansible/collections/ansible_collections/cisco/nxos/plugins/modules/nxos_pim_rp_address.py: cisco.nxos.nxos
2026-05-17T19:20:46.072639+00:00 ERROR 'ansible_navigator.actions.collections._parse' /usr/share/ansible/collections/ansible_collections/cisco/nxos/plugins/modules/nxos_ping.py AnsibleError (get_docstring): unknown doc_fragment(s) in file /usr/share/ansible/collections/ansible_collections/cisco/nxos/plugins/modules/nxos_ping.py: cisco.nxos.nxos
2026-05-17T19:20:46.072647+00:00 ERROR 'ansible_navigator.actions.collections._parse' /usr/share/ansible/collections/ansible_collections/cisco/nxos/plugins/modules/nxos_reboot.py AnsibleError (get_docstring): unknown doc_fragment(s) in file /usr/share/ansible/collections/ansible_collections/cisco/nxos/plugins/modules/nxos_reboot.py: cisco.nxos.nxos
2026-05-17T19:20:46.072656+00:00 ERROR 'ansible_navigator.actions.collections._parse' /usr/share/ansible/collections/ansible_collections/cisco/nxos/plugins/modules/nxos_rollback.py AnsibleError (get_docstring): unknown doc_fragment(s) in file /usr/share/ansible/collections/ansible_collections/cisco/nxos/plugins/modules/nxos_rollback.py: cisco.nxos.nxos
2026-05-17T19:20:46.072664+00:00 ERROR 'ansible_navigator.actions.collections._parse' /usr/share/ansible/collections/ansible_collections/cisco/nxos/plugins/modules/nxos_rpm.py AnsibleError (get_docstring): unknown doc_fragment(s) in file /usr/share/ansible/collections/ansible_collections/cisco/nxos/plugins/modules/nxos_rpm.py: cisco.nxos.nxos
2026-05-17T19:20:46.072673+00:00 ERROR 'ansible_navigator.actions.collections._parse' /usr/share/ansible/collections/ansible_collections/cisco/nxos/plugins/modules/nxos_snapshot.py AnsibleError (get_docstring): unknown doc_fragment(s) in file /usr/share/ansible/collections/ansible_collections/cisco/nxos/plugins/modules/nxos_snapshot.py: cisco.nxos.nxos
2026-05-17T19:20:46.072682+00:00 ERROR 'ansible_navigator.actions.collections._parse' /usr/share/ansible/collections/ansible_collections/cisco/nxos/plugins/modules/nxos_snmp_community.py AnsibleError (get_docstring): unknown doc_fragment(s) in file /usr/share/ansible/collections/ansible_collections/cisco/nxos/plugins/modules/nxos_snmp_community.py: cisco.nxos.nxos
2026-05-17T19:20:46.072690+00:00 ERROR 'ansible_navigator.actions.collections._parse' /usr/share/ansible/collections/ansible_collections/cisco/nxos/plugins/modules/nxos_snmp_contact.py AnsibleError (get_docstring): unknown doc_fragment(s) in file /usr/share/ansible/collections/ansible_collections/cisco/nxos/plugins/modules/nxos_snmp_contact.py: cisco.nxos.nxos
2026-05-17T19:20:46.072700+00:00 ERROR 'ansible_navigator.actions.collections._parse' /usr/share/ansible/collections/ansible_collections/cisco/nxos/plugins/modules/nxos_snmp_host.py AnsibleError (get_docstring): unknown doc_fragment(s) in file /usr/share/ansible/collections/ansible_collections/cisco/nxos/plugins/modules/nxos_snmp_host.py: cisco.nxos.nxos
2026-05-17T19:20:46.072711+00:00 ERROR 'ansible_navigator.actions.collections._parse' /usr/share/ansible/collections/ansible_collections/cisco/nxos/plugins/modules/nxos_snmp_location.py AnsibleError (get_docstring): unknown doc_fragment(s) in file /usr/share/ansible/collections/ansible_collections/cisco/nxos/plugins/modules/nxos_snmp_location.py: cisco.nxos.nxos
2026-05-17T19:20:46.072723+00:00 ERROR 'ansible_navigator.actions.collections._parse' /usr/share/ansible/collections/ansible_collections/cisco/nxos/plugins/modules/nxos_snmp_traps.py AnsibleError (get_docstring): unknown doc_fragment(s) in file /usr/share/ansible/collections/ansible_collections/cisco/nxos/plugins/modules/nxos_snmp_traps.py: cisco.nxos.nxos
2026-05-17T19:20:46.072732+00:00 ERROR 'ansible_navigator.actions.collections._parse' /usr/share/ansible/collections/ansible_collections/cisco/nxos/plugins/modules/nxos_snmp_user.py AnsibleError (get_docstring): unknown doc_fragment(s) in file /usr/share/ansible/collections/ansible_collections/cisco/nxos/plugins/modules/nxos_snmp_user.py: cisco.nxos.nxos
2026-05-17T19:20:46.072740+00:00 ERROR 'ansible_navigator.actions.collections._parse' /usr/share/ansible/collections/ansible_collections/cisco/nxos/plugins/modules/nxos_system.py AnsibleError (get_docstring): unknown doc_fragment(s) in file /usr/share/ansible/collections/ansible_collections/cisco/nxos/plugins/modules/nxos_system.py: cisco.nxos.nxos
2026-05-17T19:20:46.072749+00:00 ERROR 'ansible_navigator.actions.collections._parse' /usr/share/ansible/collections/ansible_collections/cisco/nxos/plugins/modules/nxos_udld.py AnsibleError (get_docstring): unknown doc_fragment(s) in file /usr/share/ansible/collections/ansible_collections/cisco/nxos/plugins/modules/nxos_udld.py: cisco.nxos.nxos
2026-05-17T19:20:46.072757+00:00 ERROR 'ansible_navigator.actions.collections._parse' /usr/share/ansible/collections/ansible_collections/cisco/nxos/plugins/modules/nxos_udld_interface.py AnsibleError (get_docstring): unknown doc_fragment(s) in file /usr/share/ansible/collections/ansible_collections/cisco/nxos/plugins/modules/nxos_udld_interface.py: cisco.nxos.nxos
2026-05-17T19:20:46.072767+00:00 ERROR 'ansible_navigator.actions.collections._parse' /usr/share/ansible/collections/ansible_collections/cisco/nxos/plugins/modules/nxos_user.py AnsibleError (get_docstring): unknown doc_fragment(s) in file /usr/share/ansible/collections/ansible_collections/cisco/nxos/plugins/modules/nxos_user.py: cisco.nxos.nxos
2026-05-17T19:20:46.072776+00:00 ERROR 'ansible_navigator.actions.collections._parse' /usr/share/ansible/collections/ansible_collections/cisco/nxos/plugins/modules/nxos_vpc.py AnsibleError (get_docstring): unknown doc_fragment(s) in file /usr/share/ansible/collections/ansible_collections/cisco/nxos/plugins/modules/nxos_vpc.py: cisco.nxos.nxos
2026-05-17T19:20:46.072785+00:00 ERROR 'ansible_navigator.actions.collections._parse' /usr/share/ansible/collections/ansible_collections/cisco/nxos/plugins/modules/nxos_vpc_interface.py AnsibleError (get_docstring): unknown doc_fragment(s) in file /usr/share/ansible/collections/ansible_collections/cisco/nxos/plugins/modules/nxos_vpc_interface.py: cisco.nxos.nxos
2026-05-17T19:20:46.072794+00:00 ERROR 'ansible_navigator.actions.collections._parse' /usr/share/ansible/collections/ansible_collections/cisco/nxos/plugins/modules/nxos_vrf.py AnsibleError (get_docstring): unknown doc_fragment(s) in file /usr/share/ansible/collections/ansible_collections/cisco/nxos/plugins/modules/nxos_vrf.py: cisco.nxos.nxos
2026-05-17T19:20:46.072803+00:00 ERROR 'ansible_navigator.actions.collections._parse' /usr/share/ansible/collections/ansible_collections/cisco/nxos/plugins/modules/nxos_vrf_af.py AnsibleError (get_docstring): unknown doc_fragment(s) in file /usr/share/ansible/collections/ansible_collections/cisco/nxos/plugins/modules/nxos_vrf_af.py: cisco.nxos.nxos
2026-05-17T19:20:46.072811+00:00 ERROR 'ansible_navigator.actions.collections._parse' /usr/share/ansible/collections/ansible_collections/cisco/nxos/plugins/modules/nxos_vrf_interface.py AnsibleError (get_docstring): unknown doc_fragment(s) in file /usr/share/ansible/collections/ansible_collections/cisco/nxos/plugins/modules/nxos_vrf_interface.py: cisco.nxos.nxos
2026-05-17T19:20:46.072822+00:00 ERROR 'ansible_navigator.actions.collections._parse' /usr/share/ansible/collections/ansible_collections/cisco/nxos/plugins/modules/nxos_vrrp.py AnsibleError (get_docstring): unknown doc_fragment(s) in file /usr/share/ansible/collections/ansible_collections/cisco/nxos/plugins/modules/nxos_vrrp.py: cisco.nxos.nxos
2026-05-17T19:20:46.072831+00:00 ERROR 'ansible_navigator.actions.collections._parse' /usr/share/ansible/collections/ansible_collections/cisco/nxos/plugins/modules/nxos_vtp_domain.py AnsibleError (get_docstring): unknown doc_fragment(s) in file /usr/share/ansible/collections/ansible_collections/cisco/nxos/plugins/modules/nxos_vtp_domain.py: cisco.nxos.nxos
2026-05-17T19:20:46.072839+00:00 ERROR 'ansible_navigator.actions.collections._parse' /usr/share/ansible/collections/ansible_collections/cisco/nxos/plugins/modules/nxos_vtp_password.py AnsibleError (get_docstring): unknown doc_fragment(s) in file /usr/share/ansible/collections/ansible_collections/cisco/nxos/plugins/modules/nxos_vtp_password.py: cisco.nxos.nxos
2026-05-17T19:20:46.072848+00:00 ERROR 'ansible_navigator.actions.collections._parse' /usr/share/ansible/collections/ansible_collections/cisco/nxos/plugins/modules/nxos_vtp_version.py AnsibleError (get_docstring): unknown doc_fragment(s) in file /usr/share/ansible/collections/ansible_collections/cisco/nxos/plugins/modules/nxos_vtp_version.py: cisco.nxos.nxos
2026-05-17T19:20:46.072857+00:00 ERROR 'ansible_navigator.actions.collections._parse' /usr/share/ansible/collections/ansible_collections/cisco/nxos/plugins/modules/nxos_vxlan_vtep.py AnsibleError (get_docstring): unknown doc_fragment(s) in file /usr/share/ansible/collections/ansible_collections/cisco/nxos/plugins/modules/nxos_vxlan_vtep.py: cisco.nxos.nxos
2026-05-17T19:20:46.072865+00:00 ERROR 'ansible_navigator.actions.collections._parse' /usr/share/ansible/collections/ansible_collections/cisco/nxos/plugins/modules/nxos_vxlan_vtep_vni.py AnsibleError (get_docstring): unknown doc_fragment(s) in file /usr/share/ansible/collections/ansible_collections/cisco/nxos/plugins/modules/nxos_vxlan_vtep_vni.py: cisco.nxos.nxos
2026-05-17T19:20:46.072874+00:00 ERROR 'ansible_navigator.actions.collections._parse' /usr/share/ansible/collections/ansible_collections/junipernetworks/junos/plugins/modules/junos_banner.py AnsibleError (get_docstring): unknown doc_fragment(s) in file /usr/share/ansible/collections/ansible_collections/junipernetworks/junos/plugins/modules/junos_banner.py: junipernetworks.junos.junos
2026-05-17T19:20:46.072883+00:00 ERROR 'ansible_navigator.actions.collections._parse' /usr/share/ansible/collections/ansible_collections/junipernetworks/junos/plugins/modules/junos_command.py AnsibleError (get_docstring): unknown doc_fragment(s) in file /usr/share/ansible/collections/ansible_collections/junipernetworks/junos/plugins/modules/junos_command.py: junipernetworks.junos.junos
2026-05-17T19:20:46.072891+00:00 ERROR 'ansible_navigator.actions.collections._parse' /usr/share/ansible/collections/ansible_collections/junipernetworks/junos/plugins/modules/junos_config.py AnsibleError (get_docstring): unknown doc_fragment(s) in file /usr/share/ansible/collections/ansible_collections/junipernetworks/junos/plugins/modules/junos_config.py: junipernetworks.junos.junos
2026-05-17T19:20:46.072900+00:00 ERROR 'ansible_navigator.actions.collections._parse' /usr/share/ansible/collections/ansible_collections/junipernetworks/junos/plugins/modules/junos_facts.py AnsibleError (get_docstring): unknown doc_fragment(s) in file /usr/share/ansible/collections/ansible_collections/junipernetworks/junos/plugins/modules/junos_facts.py: junipernetworks.junos.junos
2026-05-17T19:20:46.072909+00:00 ERROR 'ansible_navigator.actions.collections._parse' /usr/share/ansible/collections/ansible_collections/junipernetworks/junos/plugins/modules/junos_logging.py AnsibleError (get_docstring): unknown doc_fragment(s) in file /usr/share/ansible/collections/ansible_collections/junipernetworks/junos/plugins/modules/junos_logging.py: junipernetworks.junos.junos
2026-05-17T19:20:46.072920+00:00 ERROR 'ansible_navigator.actions.collections._parse' /usr/share/ansible/collections/ansible_collections/junipernetworks/junos/plugins/modules/junos_netconf.py AnsibleError (get_docstring): unknown doc_fragment(s) in file /usr/share/ansible/collections/ansible_collections/junipernetworks/junos/plugins/modules/junos_netconf.py: junipernetworks.junos.junos
2026-05-17T19:20:46.072928+00:00 ERROR 'ansible_navigator.actions.collections._parse' /usr/share/ansible/collections/ansible_collections/junipernetworks/junos/plugins/modules/junos_package.py AnsibleError (get_docstring): unknown doc_fragment(s) in file /usr/share/ansible/collections/ansible_collections/junipernetworks/junos/plugins/modules/junos_package.py: junipernetworks.junos.junos
2026-05-17T19:20:46.072937+00:00 ERROR 'ansible_navigator.actions.collections._parse' /usr/share/ansible/collections/ansible_collections/junipernetworks/junos/plugins/modules/junos_ping.py AnsibleError (get_docstring): unknown doc_fragment(s) in file /usr/share/ansible/collections/ansible_collections/junipernetworks/junos/plugins/modules/junos_ping.py: junipernetworks.junos.junos
2026-05-17T19:20:46.072945+00:00 ERROR 'ansible_navigator.actions.collections._parse' /usr/share/ansible/collections/ansible_collections/junipernetworks/junos/plugins/modules/junos_rpc.py AnsibleError (get_docstring): unknown doc_fragment(s) in file /usr/share/ansible/collections/ansible_collections/junipernetworks/junos/plugins/modules/junos_rpc.py: junipernetworks.junos.junos
2026-05-17T19:20:46.072954+00:00 ERROR 'ansible_navigator.actions.collections._parse' /usr/share/ansible/collections/ansible_collections/junipernetworks/junos/plugins/modules/junos_scp.py AnsibleError (get_docstring): unknown doc_fragment(s) in file /usr/share/ansible/collections/ansible_collections/junipernetworks/junos/plugins/modules/junos_scp.py: junipernetworks.junos.junos
2026-05-17T19:20:46.072963+00:00 ERROR 'ansible_navigator.actions.collections._parse' /usr/share/ansible/collections/ansible_collections/junipernetworks/junos/plugins/modules/junos_system.py AnsibleError (get_docstring): unknown doc_fragment(s) in file /usr/share/ansible/collections/ansible_collections/junipernetworks/junos/plugins/modules/junos_system.py: junipernetworks.junos.junos
2026-05-17T19:20:46.072972+00:00 ERROR 'ansible_navigator.actions.collections._parse' /usr/share/ansible/collections/ansible_collections/junipernetworks/junos/plugins/modules/junos_user.py AnsibleError (get_docstring): unknown doc_fragment(s) in file /usr/share/ansible/collections/ansible_collections/junipernetworks/junos/plugins/modules/junos_user.py: junipernetworks.junos.junos
2026-05-17T19:20:46.072981+00:00 ERROR 'ansible_navigator.actions.collections._parse' /usr/share/ansible/collections/ansible_collections/junipernetworks/junos/plugins/modules/junos_vrf.py AnsibleError (get_docstring): unknown doc_fragment(s) in file /usr/share/ansible/collections/ansible_collections/junipernetworks/junos/plugins/modules/junos_vrf.py: junipernetworks.junos.junos
2026-05-17T19:20:46.072989+00:00 ERROR 'ansible_navigator.actions.collections._parse' /usr/share/ansible/collections/ansible_collections/kubernetes/core/plugins/modules/helm.py AnsibleError (get_docstring): unknown doc_fragment(s) in file /usr/share/ansible/collections/ansible_collections/kubernetes/core/plugins/modules/helm.py: kubernetes.core.helm_common_options
2026-05-17T19:20:46.072998+00:00 ERROR 'ansible_navigator.actions.collections._parse' /usr/share/ansible/collections/ansible_collections/kubernetes/core/plugins/modules/helm_info.py AnsibleError (get_docstring): unknown doc_fragment(s) in file /usr/share/ansible/collections/ansible_collections/kubernetes/core/plugins/modules/helm_info.py: kubernetes.core.helm_common_options
2026-05-17T19:20:46.073009+00:00 ERROR 'ansible_navigator.actions.collections._parse' /usr/share/ansible/collections/ansible_collections/kubernetes/core/plugins/modules/helm_plugin.py AnsibleError (get_docstring): unknown doc_fragment(s) in file /usr/share/ansible/collections/ansible_collections/kubernetes/core/plugins/modules/helm_plugin.py: kubernetes.core.helm_common_options
2026-05-17T19:20:46.073017+00:00 ERROR 'ansible_navigator.actions.collections._parse' /usr/share/ansible/collections/ansible_collections/kubernetes/core/plugins/modules/helm_plugin_info.py AnsibleError (get_docstring): unknown doc_fragment(s) in file /usr/share/ansible/collections/ansible_collections/kubernetes/core/plugins/modules/helm_plugin_info.py: kubernetes.core.helm_common_options
2026-05-17T19:20:46.073026+00:00 ERROR 'ansible_navigator.actions.collections._parse' /usr/share/ansible/collections/ansible_collections/kubernetes/core/plugins/modules/k8s.py AnsibleError (get_docstring): unknown doc_fragment(s) in file /usr/share/ansible/collections/ansible_collections/kubernetes/core/plugins/modules/k8s.py: kubernetes.core.k8s_name_options, kubernetes.core.k8s_resource_options, kubernetes.core.k8s_auth_options, kubernetes.core.k8s_wait_options, kubernetes.core.k8s_delete_options
2026-05-17T19:20:46.073035+00:00 ERROR 'ansible_navigator.actions.collections._parse' /usr/share/ansible/collections/ansible_collections/kubernetes/core/plugins/modules/k8s_cluster_info.py AnsibleError (get_docstring): unknown doc_fragment(s) in file /usr/share/ansible/collections/ansible_collections/kubernetes/core/plugins/modules/k8s_cluster_info.py: kubernetes.core.k8s_auth_options
2026-05-17T19:20:46.073045+00:00 ERROR 'ansible_navigator.actions.collections._parse' /usr/share/ansible/collections/ansible_collections/kubernetes/core/plugins/modules/k8s_cp.py AnsibleError (get_docstring): unknown doc_fragment(s) in file /usr/share/ansible/collections/ansible_collections/kubernetes/core/plugins/modules/k8s_cp.py: kubernetes.core.k8s_auth_options
2026-05-17T19:20:46.073053+00:00 ERROR 'ansible_navigator.actions.collections._parse' /usr/share/ansible/collections/ansible_collections/kubernetes/core/plugins/modules/k8s_drain.py AnsibleError (get_docstring): unknown doc_fragment(s) in file /usr/share/ansible/collections/ansible_collections/kubernetes/core/plugins/modules/k8s_drain.py: kubernetes.core.k8s_auth_options
2026-05-17T19:20:46.073062+00:00 ERROR 'ansible_navigator.actions.collections._parse' /usr/share/ansible/collections/ansible_collections/kubernetes/core/plugins/modules/k8s_exec.py AnsibleError (get_docstring): unknown doc_fragment(s) in file /usr/share/ansible/collections/ansible_collections/kubernetes/core/plugins/modules/k8s_exec.py: kubernetes.core.k8s_auth_options
2026-05-17T19:20:46.073071+00:00 ERROR 'ansible_navigator.actions.collections._parse' /usr/share/ansible/collections/ansible_collections/kubernetes/core/plugins/modules/k8s_info.py AnsibleError (get_docstring): unknown doc_fragment(s) in file /usr/share/ansible/collections/ansible_collections/kubernetes/core/plugins/modules/k8s_info.py: kubernetes.core.k8s_auth_options, kubernetes.core.k8s_name_options, kubernetes.core.k8s_wait_options
2026-05-17T19:20:46.073080+00:00 ERROR 'ansible_navigator.actions.collections._parse' /usr/share/ansible/collections/ansible_collections/kubernetes/core/plugins/modules/k8s_json_patch.py AnsibleError (get_docstring): unknown doc_fragment(s) in file /usr/share/ansible/collections/ansible_collections/kubernetes/core/plugins/modules/k8s_json_patch.py: kubernetes.core.k8s_auth_options, kubernetes.core.k8s_wait_options
2026-05-17T19:20:46.073089+00:00 ERROR 'ansible_navigator.actions.collections._parse' /usr/share/ansible/collections/ansible_collections/kubernetes/core/plugins/modules/k8s_log.py AnsibleError (get_docstring): unknown doc_fragment(s) in file /usr/share/ansible/collections/ansible_collections/kubernetes/core/plugins/modules/k8s_log.py: kubernetes.core.k8s_auth_options, kubernetes.core.k8s_name_options
2026-05-17T19:20:46.073098+00:00 ERROR 'ansible_navigator.actions.collections._parse' /usr/share/ansible/collections/ansible_collections/kubernetes/core/plugins/modules/k8s_rollback.py AnsibleError (get_docstring): unknown doc_fragment(s) in file /usr/share/ansible/collections/ansible_collections/kubernetes/core/plugins/modules/k8s_rollback.py: kubernetes.core.k8s_auth_options, kubernetes.core.k8s_name_options
2026-05-17T19:20:46.073108+00:00 ERROR 'ansible_navigator.actions.collections._parse' /usr/share/ansible/collections/ansible_collections/kubernetes/core/plugins/modules/k8s_scale.py AnsibleError (get_docstring): unknown doc_fragment(s) in file /usr/share/ansible/collections/ansible_collections/kubernetes/core/plugins/modules/k8s_scale.py: kubernetes.core.k8s_name_options, kubernetes.core.k8s_auth_options, kubernetes.core.k8s_resource_options, kubernetes.core.k8s_scale_options
2026-05-17T19:20:46.073117+00:00 ERROR 'ansible_navigator.actions.collections._parse' /usr/share/ansible/collections/ansible_collections/kubernetes/core/plugins/modules/k8s_service.py AnsibleError (get_docstring): unknown doc_fragment(s) in file /usr/share/ansible/collections/ansible_collections/kubernetes/core/plugins/modules/k8s_service.py: kubernetes.core.k8s_auth_options, kubernetes.core.k8s_resource_options, kubernetes.core.k8s_state_options
2026-05-17T19:20:46.073126+00:00 ERROR 'ansible_navigator.actions.collections._parse' /usr/share/ansible/collections/ansible_collections/kubernetes/core/plugins/modules/k8s_taint.py AnsibleError (get_docstring): unknown doc_fragment(s) in file /usr/share/ansible/collections/ansible_collections/kubernetes/core/plugins/modules/k8s_taint.py: kubernetes.core.k8s_auth_options
2026-05-17T19:20:46.073135+00:00 ERROR 'ansible_navigator.actions.collections._parse' /usr/share/ansible/collections/ansible_collections/microsoft/ad/plugins/inventory/ldap.py AnsibleError (get_docstring): unknown doc_fragment(s) in file /usr/share/ansible/collections/ansible_collections/microsoft/ad/plugins/inventory/ldap.py: microsoft.ad.ldap_connection
2026-05-17T19:20:46.073144+00:00 ERROR 'ansible_navigator.actions.collections._parse' /usr/share/ansible/collections/ansible_collections/microsoft/ad/plugins/modules/computer.yml AnsibleError (get_docstring): unknown doc_fragment(s) in file /usr/share/ansible/collections/ansible_collections/microsoft/ad/plugins/modules/computer.yml: microsoft.ad.ad_object, ansible.builtin.action_common_attributes
2026-05-17T19:20:46.073153+00:00 ERROR 'ansible_navigator.actions.collections._parse' /usr/share/ansible/collections/ansible_collections/microsoft/ad/plugins/modules/debug_ldap_client.yml AnsibleError (get_docstring): unknown doc_fragment(s) in file /usr/share/ansible/collections/ansible_collections/microsoft/ad/plugins/modules/debug_ldap_client.yml: ansible.builtin.action_common_attributes, ansible.builtin.action_common_attributes.flow
2026-05-17T19:20:46.073162+00:00 ERROR 'ansible_navigator.actions.collections._parse' /usr/share/ansible/collections/ansible_collections/microsoft/ad/plugins/modules/domain.yml AnsibleError (get_docstring): unknown doc_fragment(s) in file /usr/share/ansible/collections/ansible_collections/microsoft/ad/plugins/modules/domain.yml: ansible.builtin.action_common_attributes, ansible.builtin.action_common_attributes.flow, microsoft.ad.action_reboot
2026-05-17T19:20:46.073170+00:00 ERROR 'ansible_navigator.actions.collections._parse' /usr/share/ansible/collections/ansible_collections/microsoft/ad/plugins/modules/domain_child.yml AnsibleError (get_docstring): unknown doc_fragment(s) in file /usr/share/ansible/collections/ansible_collections/microsoft/ad/plugins/modules/domain_child.yml: ansible.builtin.action_common_attributes, ansible.builtin.action_common_attributes.flow, microsoft.ad.action_reboot
2026-05-17T19:20:46.073179+00:00 ERROR 'ansible_navigator.actions.collections._parse' /usr/share/ansible/collections/ansible_collections/microsoft/ad/plugins/modules/domain_controller.yml AnsibleError (get_docstring): unknown doc_fragment(s) in file /usr/share/ansible/collections/ansible_collections/microsoft/ad/plugins/modules/domain_controller.yml: ansible.builtin.action_common_attributes, ansible.builtin.action_common_attributes.flow, microsoft.ad.action_reboot
2026-05-17T19:20:46.073189+00:00 ERROR 'ansible_navigator.actions.collections._parse' /usr/share/ansible/collections/ansible_collections/microsoft/ad/plugins/modules/group.yml AnsibleError (get_docstring): unknown doc_fragment(s) in file /usr/share/ansible/collections/ansible_collections/microsoft/ad/plugins/modules/group.yml: microsoft.ad.ad_object, ansible.builtin.action_common_attributes
2026-05-17T19:20:46.073198+00:00 ERROR 'ansible_navigator.actions.collections._parse' /usr/share/ansible/collections/ansible_collections/microsoft/ad/plugins/modules/membership.yml AnsibleError (get_docstring): unknown doc_fragment(s) in file /usr/share/ansible/collections/ansible_collections/microsoft/ad/plugins/modules/membership.yml: ansible.builtin.action_common_attributes, ansible.builtin.action_common_attributes.flow, microsoft.ad.action_reboot
2026-05-17T19:20:46.073207+00:00 ERROR 'ansible_navigator.actions.collections._parse' /usr/share/ansible/collections/ansible_collections/microsoft/ad/plugins/modules/object.yml AnsibleError (get_docstring): unknown doc_fragment(s) in file /usr/share/ansible/collections/ansible_collections/microsoft/ad/plugins/modules/object.yml: microsoft.ad.ad_object, ansible.builtin.action_common_attributes
2026-05-17T19:20:46.073215+00:00 ERROR 'ansible_navigator.actions.collections._parse' /usr/share/ansible/collections/ansible_collections/microsoft/ad/plugins/modules/object_info.yml AnsibleError (get_docstring): unknown doc_fragment(s) in file /usr/share/ansible/collections/ansible_collections/microsoft/ad/plugins/modules/object_info.yml: ansible.builtin.action_common_attributes
2026-05-17T19:20:46.073224+00:00 ERROR 'ansible_navigator.actions.collections._parse' /usr/share/ansible/collections/ansible_collections/microsoft/ad/plugins/modules/offline_join.yml AnsibleError (get_docstring): unknown doc_fragment(s) in file /usr/share/ansible/collections/ansible_collections/microsoft/ad/plugins/modules/offline_join.yml: ansible.builtin.action_common_attributes
2026-05-17T19:20:46.073233+00:00 ERROR 'ansible_navigator.actions.collections._parse' /usr/share/ansible/collections/ansible_collections/microsoft/ad/plugins/modules/ou.yml AnsibleError (get_docstring): unknown doc_fragment(s) in file /usr/share/ansible/collections/ansible_collections/microsoft/ad/plugins/modules/ou.yml: microsoft.ad.ad_object, ansible.builtin.action_common_attributes
2026-05-17T19:20:46.073241+00:00 ERROR 'ansible_navigator.actions.collections._parse' /usr/share/ansible/collections/ansible_collections/microsoft/ad/plugins/modules/service_account.yml AnsibleError (get_docstring): unknown doc_fragment(s) in file /usr/share/ansible/collections/ansible_collections/microsoft/ad/plugins/modules/service_account.yml: microsoft.ad.ad_object, ansible.builtin.action_common_attributes
2026-05-17T19:20:46.073250+00:00 ERROR 'ansible_navigator.actions.collections._parse' /usr/share/ansible/collections/ansible_collections/microsoft/ad/plugins/modules/user.yml AnsibleError (get_docstring): unknown doc_fragment(s) in file /usr/share/ansible/collections/ansible_collections/microsoft/ad/plugins/modules/user.yml: microsoft.ad.ad_object, ansible.builtin.action_common_attributes
2026-05-17T19:20:46.073258+00:00 ERROR 'ansible_navigator.actions.collections._parse' /usr/share/ansible/collections/ansible_collections/redhat/openshift_virtualization/plugins/modules/kubevirt_vm.py AnsibleError (get_docstring): unknown doc_fragment(s) in file /usr/share/ansible/collections/ansible_collections/redhat/openshift_virtualization/plugins/modules/kubevirt_vm.py: redhat.openshift_virtualization.k8s_auth_options, redhat.openshift_virtualization.k8s_state_options, redhat.openshift_virtualization.k8s_delete_options
2026-05-17T19:20:46.073268+00:00 ERROR 'ansible_navigator.actions.collections._parse' /usr/share/ansible/collections/ansible_collections/redhat/openshift_virtualization/plugins/modules/kubevirt_vm_info.py AnsibleError (get_docstring): unknown doc_fragment(s) in file /usr/share/ansible/collections/ansible_collections/redhat/openshift_virtualization/plugins/modules/kubevirt_vm_info.py: redhat.openshift_virtualization.k8s_auth_options
2026-05-17T19:20:46.073278+00:00 ERROR 'ansible_navigator.actions.collections._parse' /usr/share/ansible/collections/ansible_collections/redhat/rhbk/plugins/modules/rhbk_client.py AnsibleError (get_docstring): unknown doc_fragment(s) in file /usr/share/ansible/collections/ansible_collections/redhat/rhbk/plugins/modules/rhbk_client.py: redhat.rhbk.rhbk, redhat.rhbk.attributes
2026-05-17T19:20:46.073287+00:00 ERROR 'ansible_navigator.actions.collections._parse' /usr/share/ansible/collections/ansible_collections/redhat/rhbk/plugins/modules/rhbk_realm.py AnsibleError (get_docstring): unknown doc_fragment(s) in file /usr/share/ansible/collections/ansible_collections/redhat/rhbk/plugins/modules/rhbk_realm.py: redhat.rhbk.rhbk, redhat.rhbk.attributes
2026-05-17T19:20:46.073295+00:00 ERROR 'ansible_navigator.actions.collections._parse' /usr/share/ansible/collections/ansible_collections/redhat/rhbk/plugins/modules/rhbk_role.py AnsibleError (get_docstring): unknown doc_fragment(s) in file /usr/share/ansible/collections/ansible_collections/redhat/rhbk/plugins/modules/rhbk_role.py: redhat.rhbk.rhbk, redhat.rhbk.attributes
2026-05-17T19:20:46.073304+00:00 ERROR 'ansible_navigator.actions.collections._parse' /usr/share/ansible/collections/ansible_collections/redhat/rhbk/plugins/modules/rhbk_user_federation.py AnsibleError (get_docstring): unknown doc_fragment(s) in file /usr/share/ansible/collections/ansible_collections/redhat/rhbk/plugins/modules/rhbk_user_federation.py: redhat.rhbk.rhbk, redhat.rhbk.attributes
2026-05-17T19:20:46.073313+00:00 ERROR 'ansible_navigator.actions.collections._parse' /usr/share/ansible/collections/ansible_collections/redhat/rhel_idm/plugins/modules/ipaautomember.py AnsibleError (get_docstring): unknown doc_fragment(s) in file /usr/share/ansible/collections/ansible_collections/redhat/rhel_idm/plugins/modules/ipaautomember.py: redhat.rhel_idm.ipamodule_base_docs
2026-05-17T19:20:46.073322+00:00 ERROR 'ansible_navigator.actions.collections._parse' /usr/share/ansible/collections/ansible_collections/redhat/rhel_idm/plugins/modules/ipaautomountkey.py AnsibleError (get_docstring): unknown doc_fragment(s) in file /usr/share/ansible/collections/ansible_collections/redhat/rhel_idm/plugins/modules/ipaautomountkey.py: redhat.rhel_idm.ipamodule_base_docs
2026-05-17T19:20:46.073330+00:00 ERROR 'ansible_navigator.actions.collections._parse' /usr/share/ansible/collections/ansible_collections/redhat/rhel_idm/plugins/modules/ipaautomountlocation.py AnsibleError (get_docstring): unknown doc_fragment(s) in file /usr/share/ansible/collections/ansible_collections/redhat/rhel_idm/plugins/modules/ipaautomountlocation.py: redhat.rhel_idm.ipamodule_base_docs
2026-05-17T19:20:46.073339+00:00 ERROR 'ansible_navigator.actions.collections._parse' /usr/share/ansible/collections/ansible_collections/redhat/rhel_idm/plugins/modules/ipaautomountmap.py AnsibleError (get_docstring): unknown doc_fragment(s) in file /usr/share/ansible/collections/ansible_collections/redhat/rhel_idm/plugins/modules/ipaautomountmap.py: redhat.rhel_idm.ipamodule_base_docs
2026-05-17T19:20:46.073348+00:00 ERROR 'ansible_navigator.actions.collections._parse' /usr/share/ansible/collections/ansible_collections/redhat/rhel_idm/plugins/modules/ipacert.py AnsibleError (get_docstring): unknown doc_fragment(s) in file /usr/share/ansible/collections/ansible_collections/redhat/rhel_idm/plugins/modules/ipacert.py: redhat.rhel_idm.ipamodule_base_docs
2026-05-17T19:20:46.073356+00:00 ERROR 'ansible_navigator.actions.collections._parse' /usr/share/ansible/collections/ansible_collections/redhat/rhel_idm/plugins/modules/ipaconfig.py AnsibleError (get_docstring): unknown doc_fragment(s) in file /usr/share/ansible/collections/ansible_collections/redhat/rhel_idm/plugins/modules/ipaconfig.py: redhat.rhel_idm.ipamodule_base_docs
2026-05-17T19:20:46.073365+00:00 ERROR 'ansible_navigator.actions.collections._parse' /usr/share/ansible/collections/ansible_collections/redhat/rhel_idm/plugins/modules/ipadelegation.py AnsibleError (get_docstring): unknown doc_fragment(s) in file /usr/share/ansible/collections/ansible_collections/redhat/rhel_idm/plugins/modules/ipadelegation.py: redhat.rhel_idm.ipamodule_base_docs
2026-05-17T19:20:46.073375+00:00 ERROR 'ansible_navigator.actions.collections._parse' /usr/share/ansible/collections/ansible_collections/redhat/rhel_idm/plugins/modules/ipadnsconfig.py AnsibleError (get_docstring): unknown doc_fragment(s) in file /usr/share/ansible/collections/ansible_collections/redhat/rhel_idm/plugins/modules/ipadnsconfig.py: redhat.rhel_idm.ipamodule_base_docs
2026-05-17T19:20:46.073384+00:00 ERROR 'ansible_navigator.actions.collections._parse' /usr/share/ansible/collections/ansible_collections/redhat/rhel_idm/plugins/modules/ipadnsforwardzone.py AnsibleError (get_docstring): unknown doc_fragment(s) in file /usr/share/ansible/collections/ansible_collections/redhat/rhel_idm/plugins/modules/ipadnsforwardzone.py: redhat.rhel_idm.ipamodule_base_docs
2026-05-17T19:20:46.073393+00:00 ERROR 'ansible_navigator.actions.collections._parse' /usr/share/ansible/collections/ansible_collections/redhat/rhel_idm/plugins/modules/ipadnsrecord.py AnsibleError (get_docstring): unknown doc_fragment(s) in file /usr/share/ansible/collections/ansible_collections/redhat/rhel_idm/plugins/modules/ipadnsrecord.py: redhat.rhel_idm.ipamodule_base_docs
2026-05-17T19:20:46.073401+00:00 ERROR 'ansible_navigator.actions.collections._parse' /usr/share/ansible/collections/ansible_collections/redhat/rhel_idm/plugins/modules/ipadnszone.py AnsibleError (get_docstring): unknown doc_fragment(s) in file /usr/share/ansible/collections/ansible_collections/redhat/rhel_idm/plugins/modules/ipadnszone.py: redhat.rhel_idm.ipamodule_base_docs
2026-05-17T19:20:46.073410+00:00 ERROR 'ansible_navigator.actions.collections._parse' /usr/share/ansible/collections/ansible_collections/redhat/rhel_idm/plugins/modules/ipagroup.py AnsibleError (get_docstring): unknown doc_fragment(s) in file /usr/share/ansible/collections/ansible_collections/redhat/rhel_idm/plugins/modules/ipagroup.py: redhat.rhel_idm.ipamodule_base_docs
2026-05-17T19:20:46.073418+00:00 ERROR 'ansible_navigator.actions.collections._parse' /usr/share/ansible/collections/ansible_collections/redhat/rhel_idm/plugins/modules/ipahbacrule.py AnsibleError (get_docstring): unknown doc_fragment(s) in file /usr/share/ansible/collections/ansible_collections/redhat/rhel_idm/plugins/modules/ipahbacrule.py: redhat.rhel_idm.ipamodule_base_docs
2026-05-17T19:20:46.073427+00:00 ERROR 'ansible_navigator.actions.collections._parse' /usr/share/ansible/collections/ansible_collections/redhat/rhel_idm/plugins/modules/ipahbacsvc.py AnsibleError (get_docstring): unknown doc_fragment(s) in file /usr/share/ansible/collections/ansible_collections/redhat/rhel_idm/plugins/modules/ipahbacsvc.py: redhat.rhel_idm.ipamodule_base_docs
2026-05-17T19:20:46.073436+00:00 ERROR 'ansible_navigator.actions.collections._parse' /usr/share/ansible/collections/ansible_collections/redhat/rhel_idm/plugins/modules/ipahbacsvcgroup.py AnsibleError (get_docstring): unknown doc_fragment(s) in file /usr/share/ansible/collections/ansible_collections/redhat/rhel_idm/plugins/modules/ipahbacsvcgroup.py: redhat.rhel_idm.ipamodule_base_docs
2026-05-17T19:20:46.073445+00:00 ERROR 'ansible_navigator.actions.collections._parse' /usr/share/ansible/collections/ansible_collections/redhat/rhel_idm/plugins/modules/ipahost.py AnsibleError (get_docstring): unknown doc_fragment(s) in file /usr/share/ansible/collections/ansible_collections/redhat/rhel_idm/plugins/modules/ipahost.py: redhat.rhel_idm.ipamodule_base_docs
2026-05-17T19:20:46.073453+00:00 ERROR 'ansible_navigator.actions.collections._parse' /usr/share/ansible/collections/ansible_collections/redhat/rhel_idm/plugins/modules/ipahostgroup.py AnsibleError (get_docstring): unknown doc_fragment(s) in file /usr/share/ansible/collections/ansible_collections/redhat/rhel_idm/plugins/modules/ipahostgroup.py: redhat.rhel_idm.ipamodule_base_docs
2026-05-17T19:20:46.073463+00:00 ERROR 'ansible_navigator.actions.collections._parse' /usr/share/ansible/collections/ansible_collections/redhat/rhel_idm/plugins/modules/ipaidoverridegroup.py AnsibleError (get_docstring): unknown doc_fragment(s) in file /usr/share/ansible/collections/ansible_collections/redhat/rhel_idm/plugins/modules/ipaidoverridegroup.py: redhat.rhel_idm.ipamodule_base_docs
2026-05-17T19:20:46.073472+00:00 ERROR 'ansible_navigator.actions.collections._parse' /usr/share/ansible/collections/ansible_collections/redhat/rhel_idm/plugins/modules/ipaidoverrideuser.py AnsibleError (get_docstring): unknown doc_fragment(s) in file /usr/share/ansible/collections/ansible_collections/redhat/rhel_idm/plugins/modules/ipaidoverrideuser.py: redhat.rhel_idm.ipamodule_base_docs
2026-05-17T19:20:46.073481+00:00 ERROR 'ansible_navigator.actions.collections._parse' /usr/share/ansible/collections/ansible_collections/redhat/rhel_idm/plugins/modules/ipaidp.py AnsibleError (get_docstring): unknown doc_fragment(s) in file /usr/share/ansible/collections/ansible_collections/redhat/rhel_idm/plugins/modules/ipaidp.py: redhat.rhel_idm.ipamodule_base_docs
2026-05-17T19:20:46.073489+00:00 ERROR 'ansible_navigator.actions.collections._parse' /usr/share/ansible/collections/ansible_collections/redhat/rhel_idm/plugins/modules/ipaidrange.py AnsibleError (get_docstring): unknown doc_fragment(s) in file /usr/share/ansible/collections/ansible_collections/redhat/rhel_idm/plugins/modules/ipaidrange.py: redhat.rhel_idm.ipamodule_base_docs, redhat.rhel_idm.ipamodule_base_docs.delete_continue
2026-05-17T19:20:46.073498+00:00 ERROR 'ansible_navigator.actions.collections._parse' /usr/share/ansible/collections/ansible_collections/redhat/rhel_idm/plugins/modules/ipaidview.py AnsibleError (get_docstring): unknown doc_fragment(s) in file /usr/share/ansible/collections/ansible_collections/redhat/rhel_idm/plugins/modules/ipaidview.py: redhat.rhel_idm.ipamodule_base_docs
2026-05-17T19:20:46.073507+00:00 ERROR 'ansible_navigator.actions.collections._parse' /usr/share/ansible/collections/ansible_collections/redhat/rhel_idm/plugins/modules/ipalocation.py AnsibleError (get_docstring): unknown doc_fragment(s) in file /usr/share/ansible/collections/ansible_collections/redhat/rhel_idm/plugins/modules/ipalocation.py: redhat.rhel_idm.ipamodule_base_docs
2026-05-17T19:20:46.073516+00:00 ERROR 'ansible_navigator.actions.collections._parse' /usr/share/ansible/collections/ansible_collections/redhat/rhel_idm/plugins/modules/ipanetgroup.py AnsibleError (get_docstring): unknown doc_fragment(s) in file /usr/share/ansible/collections/ansible_collections/redhat/rhel_idm/plugins/modules/ipanetgroup.py: redhat.rhel_idm.ipamodule_base_docs, redhat.rhel_idm.ipamodule_base_docs.delete_continue
2026-05-17T19:20:46.073525+00:00 ERROR 'ansible_navigator.actions.collections._parse' /usr/share/ansible/collections/ansible_collections/redhat/rhel_idm/plugins/modules/ipapermission.py AnsibleError (get_docstring): unknown doc_fragment(s) in file /usr/share/ansible/collections/ansible_collections/redhat/rhel_idm/plugins/modules/ipapermission.py: redhat.rhel_idm.ipamodule_base_docs
2026-05-17T19:20:46.073534+00:00 ERROR 'ansible_navigator.actions.collections._parse' /usr/share/ansible/collections/ansible_collections/redhat/rhel_idm/plugins/modules/ipaprivilege.py AnsibleError (get_docstring): unknown doc_fragment(s) in file /usr/share/ansible/collections/ansible_collections/redhat/rhel_idm/plugins/modules/ipaprivilege.py: redhat.rhel_idm.ipamodule_base_docs
2026-05-17T19:20:46.073542+00:00 ERROR 'ansible_navigator.actions.collections._parse' /usr/share/ansible/collections/ansible_collections/redhat/rhel_idm/plugins/modules/ipapwpolicy.py AnsibleError (get_docstring): unknown doc_fragment(s) in file /usr/share/ansible/collections/ansible_collections/redhat/rhel_idm/plugins/modules/ipapwpolicy.py: redhat.rhel_idm.ipamodule_base_docs
2026-05-17T19:20:46.073551+00:00 ERROR 'ansible_navigator.actions.collections._parse' /usr/share/ansible/collections/ansible_collections/redhat/rhel_idm/plugins/modules/iparole.py AnsibleError (get_docstring): unknown doc_fragment(s) in file /usr/share/ansible/collections/ansible_collections/redhat/rhel_idm/plugins/modules/iparole.py: redhat.rhel_idm.ipamodule_base_docs
2026-05-17T19:20:46.073562+00:00 ERROR 'ansible_navigator.actions.collections._parse' /usr/share/ansible/collections/ansible_collections/redhat/rhel_idm/plugins/modules/ipaselfservice.py AnsibleError (get_docstring): unknown doc_fragment(s) in file /usr/share/ansible/collections/ansible_collections/redhat/rhel_idm/plugins/modules/ipaselfservice.py: redhat.rhel_idm.ipamodule_base_docs
2026-05-17T19:20:46.073571+00:00 ERROR 'ansible_navigator.actions.collections._parse' /usr/share/ansible/collections/ansible_collections/redhat/rhel_idm/plugins/modules/ipaserver.py AnsibleError (get_docstring): unknown doc_fragment(s) in file /usr/share/ansible/collections/ansible_collections/redhat/rhel_idm/plugins/modules/ipaserver.py: redhat.rhel_idm.ipamodule_base_docs
2026-05-17T19:20:46.073580+00:00 ERROR 'ansible_navigator.actions.collections._parse' /usr/share/ansible/collections/ansible_collections/redhat/rhel_idm/plugins/modules/ipaservice.py AnsibleError (get_docstring): unknown doc_fragment(s) in file /usr/share/ansible/collections/ansible_collections/redhat/rhel_idm/plugins/modules/ipaservice.py: redhat.rhel_idm.ipamodule_base_docs
2026-05-17T19:20:46.073588+00:00 ERROR 'ansible_navigator.actions.collections._parse' /usr/share/ansible/collections/ansible_collections/redhat/rhel_idm/plugins/modules/ipaservicedelegationrule.py AnsibleError (get_docstring): unknown doc_fragment(s) in file /usr/share/ansible/collections/ansible_collections/redhat/rhel_idm/plugins/modules/ipaservicedelegationrule.py: redhat.rhel_idm.ipamodule_base_docs
2026-05-17T19:20:46.073597+00:00 ERROR 'ansible_navigator.actions.collections._parse' /usr/share/ansible/collections/ansible_collections/redhat/rhel_idm/plugins/modules/ipaservicedelegationtarget.py AnsibleError (get_docstring): unknown doc_fragment(s) in file /usr/share/ansible/collections/ansible_collections/redhat/rhel_idm/plugins/modules/ipaservicedelegationtarget.py: redhat.rhel_idm.ipamodule_base_docs
2026-05-17T19:20:46.073606+00:00 ERROR 'ansible_navigator.actions.collections._parse' /usr/share/ansible/collections/ansible_collections/redhat/rhel_idm/plugins/modules/ipasudocmd.py AnsibleError (get_docstring): unknown doc_fragment(s) in file /usr/share/ansible/collections/ansible_collections/redhat/rhel_idm/plugins/modules/ipasudocmd.py: redhat.rhel_idm.ipamodule_base_docs
2026-05-17T19:20:46.073614+00:00 ERROR 'ansible_navigator.actions.collections._parse' /usr/share/ansible/collections/ansible_collections/redhat/rhel_idm/plugins/modules/ipasudocmdgroup.py AnsibleError (get_docstring): unknown doc_fragment(s) in file /usr/share/ansible/collections/ansible_collections/redhat/rhel_idm/plugins/modules/ipasudocmdgroup.py: redhat.rhel_idm.ipamodule_base_docs
2026-05-17T19:20:46.073623+00:00 ERROR 'ansible_navigator.actions.collections._parse' /usr/share/ansible/collections/ansible_collections/redhat/rhel_idm/plugins/modules/ipasudorule.py AnsibleError (get_docstring): unknown doc_fragment(s) in file /usr/share/ansible/collections/ansible_collections/redhat/rhel_idm/plugins/modules/ipasudorule.py: redhat.rhel_idm.ipamodule_base_docs
2026-05-17T19:20:46.073631+00:00 ERROR 'ansible_navigator.actions.collections._parse' /usr/share/ansible/collections/ansible_collections/redhat/rhel_idm/plugins/modules/ipatopologysegment.py AnsibleError (get_docstring): unknown doc_fragment(s) in file /usr/share/ansible/collections/ansible_collections/redhat/rhel_idm/plugins/modules/ipatopologysegment.py: redhat.rhel_idm.ipamodule_base_docs
2026-05-17T19:20:46.073640+00:00 ERROR 'ansible_navigator.actions.collections._parse' /usr/share/ansible/collections/ansible_collections/redhat/rhel_idm/plugins/modules/ipatopologysuffix.py AnsibleError (get_docstring): unknown doc_fragment(s) in file /usr/share/ansible/collections/ansible_collections/redhat/rhel_idm/plugins/modules/ipatopologysuffix.py: redhat.rhel_idm.ipamodule_base_docs
2026-05-17T19:20:46.073650+00:00 ERROR 'ansible_navigator.actions.collections._parse' /usr/share/ansible/collections/ansible_collections/redhat/rhel_idm/plugins/modules/ipatrust.py AnsibleError (get_docstring): unknown doc_fragment(s) in file /usr/share/ansible/collections/ansible_collections/redhat/rhel_idm/plugins/modules/ipatrust.py: redhat.rhel_idm.ipamodule_base_docs
2026-05-17T19:20:46.073659+00:00 ERROR 'ansible_navigator.actions.collections._parse' /usr/share/ansible/collections/ansible_collections/redhat/rhel_idm/plugins/modules/ipauser.py AnsibleError (get_docstring): unknown doc_fragment(s) in file /usr/share/ansible/collections/ansible_collections/redhat/rhel_idm/plugins/modules/ipauser.py: redhat.rhel_idm.ipamodule_base_docs
2026-05-17T19:20:46.073668+00:00 ERROR 'ansible_navigator.actions.collections._parse' /usr/share/ansible/collections/ansible_collections/redhat/rhel_idm/plugins/modules/ipavault.py AnsibleError (get_docstring): unknown doc_fragment(s) in file /usr/share/ansible/collections/ansible_collections/redhat/rhel_idm/plugins/modules/ipavault.py: redhat.rhel_idm.ipamodule_base_docs
2026-05-17T19:20:46.073676+00:00 ERROR 'ansible_navigator.actions.collections._parse' /usr/share/ansible/collections/ansible_collections/redhat/rhel_system_roles/plugins/modules/ini_file.py AnsibleError (get_docstring): unknown doc_fragment(s) in file /usr/share/ansible/collections/ansible_collections/redhat/rhel_system_roles/plugins/modules/ini_file.py: redhat.rhel_system_roles.attributes
2026-05-17T19:20:46.073685+00:00 ERROR 'ansible_navigator.actions.collections._parse' /usr/share/ansible/collections/ansible_collections/redhat/rhel_system_roles/plugins/modules/modprobe.py AnsibleError (get_docstring): unknown doc_fragment(s) in file /usr/share/ansible/collections/ansible_collections/redhat/rhel_system_roles/plugins/modules/modprobe.py: redhat.rhel_system_roles.attributes
2026-05-17T19:20:46.073694+00:00 ERROR 'ansible_navigator.actions.collections._parse' /usr/share/ansible/collections/ansible_collections/redhat/rhel_system_roles/plugins/modules/redhat_subscription.py AnsibleError (get_docstring): unknown doc_fragment(s) in file /usr/share/ansible/collections/ansible_collections/redhat/rhel_system_roles/plugins/modules/redhat_subscription.py: redhat.rhel_system_roles.attributes
2026-05-17T19:20:46.073702+00:00 ERROR 'ansible_navigator.actions.collections._parse' /usr/share/ansible/collections/ansible_collections/redhat/rhel_system_roles/plugins/modules/rhsm_release.py AnsibleError (get_docstring): unknown doc_fragment(s) in file /usr/share/ansible/collections/ansible_collections/redhat/rhel_system_roles/plugins/modules/rhsm_release.py: redhat.rhel_system_roles.attributes
2026-05-17T19:20:46.073711+00:00 ERROR 'ansible_navigator.actions.collections._parse' /usr/share/ansible/collections/ansible_collections/redhat/rhel_system_roles/plugins/modules/rhsm_repository.py AnsibleError (get_docstring): unknown doc_fragment(s) in file /usr/share/ansible/collections/ansible_collections/redhat/rhel_system_roles/plugins/modules/rhsm_repository.py: redhat.rhel_system_roles.attributes
2026-05-17T19:20:46.073720+00:00 ERROR 'ansible_navigator.actions.collections._parse' /usr/share/ansible/collections/ansible_collections/redhat/rhel_system_roles/plugins/modules/sefcontext.py AnsibleError (get_docstring): unknown doc_fragment(s) in file /usr/share/ansible/collections/ansible_collections/redhat/rhel_system_roles/plugins/modules/sefcontext.py: redhat.rhel_system_roles.attributes, redhat.rhel_system_roles.attributes.platform
2026-05-17T19:20:46.073729+00:00 ERROR 'ansible_navigator.actions.collections._parse' /usr/share/ansible/collections/ansible_collections/redhat/rhel_system_roles/plugins/modules/selogin.py AnsibleError (get_docstring): unknown doc_fragment(s) in file /usr/share/ansible/collections/ansible_collections/redhat/rhel_system_roles/plugins/modules/selogin.py: redhat.rhel_system_roles.attributes
2026-05-17T19:20:46.073737+00:00 ERROR 'ansible_navigator.actions.collections._parse' /usr/share/ansible/collections/ansible_collections/redhat/rhel_system_roles/plugins/modules/seport.py AnsibleError (get_docstring): unknown doc_fragment(s) in file /usr/share/ansible/collections/ansible_collections/redhat/rhel_system_roles/plugins/modules/seport.py: redhat.rhel_system_roles.attributes
2026-05-17T19:20:46.073747+00:00 ERROR 'ansible_navigator.actions.collections._parse' /usr/share/ansible/collections/ansible_collections/redhat/rhv/plugins/modules/ovirt_affinity_group.py AnsibleError (get_docstring): unknown doc_fragment(s) in file /usr/share/ansible/collections/ansible_collections/redhat/rhv/plugins/modules/ovirt_affinity_group.py: redhat.rhv.ovirt
2026-05-17T19:20:46.073772+00:00 ERROR 'ansible_navigator.actions.collections._parse' /usr/share/ansible/collections/ansible_collections/redhat/rhv/plugins/modules/ovirt_affinity_label.py AnsibleError (get_docstring): unknown doc_fragment(s) in file /usr/share/ansible/collections/ansible_collections/redhat/rhv/plugins/modules/ovirt_affinity_label.py: redhat.rhv.ovirt
2026-05-17T19:20:46.073781+00:00 ERROR 'ansible_navigator.actions.collections._parse' /usr/share/ansible/collections/ansible_collections/redhat/rhv/plugins/modules/ovirt_affinity_label_info.py AnsibleError (get_docstring): unknown doc_fragment(s) in file /usr/share/ansible/collections/ansible_collections/redhat/rhv/plugins/modules/ovirt_affinity_label_info.py: redhat.rhv.ovirt_info
2026-05-17T19:20:46.073789+00:00 ERROR 'ansible_navigator.actions.collections._parse' /usr/share/ansible/collections/ansible_collections/redhat/rhv/plugins/modules/ovirt_api_info.py AnsibleError (get_docstring): unknown doc_fragment(s) in file /usr/share/ansible/collections/ansible_collections/redhat/rhv/plugins/modules/ovirt_api_info.py: redhat.rhv.ovirt_info
2026-05-17T19:20:46.073798+00:00 ERROR 'ansible_navigator.actions.collections._parse' /usr/share/ansible/collections/ansible_collections/redhat/rhv/plugins/modules/ovirt_cluster.py AnsibleError (get_docstring): unknown doc_fragment(s) in file /usr/share/ansible/collections/ansible_collections/redhat/rhv/plugins/modules/ovirt_cluster.py: redhat.rhv.ovirt
2026-05-17T19:20:46.073807+00:00 ERROR 'ansible_navigator.actions.collections._parse' /usr/share/ansible/collections/ansible_collections/redhat/rhv/plugins/modules/ovirt_cluster_info.py AnsibleError (get_docstring): unknown doc_fragment(s) in file /usr/share/ansible/collections/ansible_collections/redhat/rhv/plugins/modules/ovirt_cluster_info.py: redhat.rhv.ovirt_info
2026-05-17T19:20:46.073816+00:00 ERROR 'ansible_navigator.actions.collections._parse' /usr/share/ansible/collections/ansible_collections/redhat/rhv/plugins/modules/ovirt_datacenter.py AnsibleError (get_docstring): unknown doc_fragment(s) in file /usr/share/ansible/collections/ansible_collections/redhat/rhv/plugins/modules/ovirt_datacenter.py: redhat.rhv.ovirt
2026-05-17T19:20:46.073824+00:00 ERROR 'ansible_navigator.actions.collections._parse' /usr/share/ansible/collections/ansible_collections/redhat/rhv/plugins/modules/ovirt_datacenter_info.py AnsibleError (get_docstring): unknown doc_fragment(s) in file /usr/share/ansible/collections/ansible_collections/redhat/rhv/plugins/modules/ovirt_datacenter_info.py: redhat.rhv.ovirt_info
2026-05-17T19:20:46.073833+00:00 ERROR 'ansible_navigator.actions.collections._parse' /usr/share/ansible/collections/ansible_collections/redhat/rhv/plugins/modules/ovirt_disk.py AnsibleError (get_docstring): unknown doc_fragment(s) in file /usr/share/ansible/collections/ansible_collections/redhat/rhv/plugins/modules/ovirt_disk.py: redhat.rhv.ovirt
2026-05-17T19:20:46.073842+00:00 ERROR 'ansible_navigator.actions.collections._parse' /usr/share/ansible/collections/ansible_collections/redhat/rhv/plugins/modules/ovirt_disk_info.py AnsibleError (get_docstring): unknown doc_fragment(s) in file /usr/share/ansible/collections/ansible_collections/redhat/rhv/plugins/modules/ovirt_disk_info.py: redhat.rhv.ovirt_info
2026-05-17T19:20:46.073850+00:00 ERROR 'ansible_navigator.actions.collections._parse' /usr/share/ansible/collections/ansible_collections/redhat/rhv/plugins/modules/ovirt_disk_profile.py AnsibleError (get_docstring): unknown doc_fragment(s) in file /usr/share/ansible/collections/ansible_collections/redhat/rhv/plugins/modules/ovirt_disk_profile.py: redhat.rhv.ovirt
2026-05-17T19:20:46.073861+00:00 ERROR 'ansible_navigator.actions.collections._parse' /usr/share/ansible/collections/ansible_collections/redhat/rhv/plugins/modules/ovirt_event.py AnsibleError (get_docstring): unknown doc_fragment(s) in file /usr/share/ansible/collections/ansible_collections/redhat/rhv/plugins/modules/ovirt_event.py: redhat.rhv.ovirt
2026-05-17T19:20:46.073870+00:00 ERROR 'ansible_navigator.actions.collections._parse' /usr/share/ansible/collections/ansible_collections/redhat/rhv/plugins/modules/ovirt_event_info.py AnsibleError (get_docstring): unknown doc_fragment(s) in file /usr/share/ansible/collections/ansible_collections/redhat/rhv/plugins/modules/ovirt_event_info.py: redhat.rhv.ovirt_info
2026-05-17T19:20:46.073878+00:00 ERROR 'ansible_navigator.actions.collections._parse' /usr/share/ansible/collections/ansible_collections/redhat/rhv/plugins/modules/ovirt_external_provider.py AnsibleError (get_docstring): unknown doc_fragment(s) in file /usr/share/ansible/collections/ansible_collections/redhat/rhv/plugins/modules/ovirt_external_provider.py: redhat.rhv.ovirt
2026-05-17T19:20:46.073887+00:00 ERROR 'ansible_navigator.actions.collections._parse' /usr/share/ansible/collections/ansible_collections/redhat/rhv/plugins/modules/ovirt_external_provider_info.py AnsibleError (get_docstring): unknown doc_fragment(s) in file /usr/share/ansible/collections/ansible_collections/redhat/rhv/plugins/modules/ovirt_external_provider_info.py: redhat.rhv.ovirt_info
2026-05-17T19:20:46.073896+00:00 ERROR 'ansible_navigator.actions.collections._parse' /usr/share/ansible/collections/ansible_collections/redhat/rhv/plugins/modules/ovirt_group.py AnsibleError (get_docstring): unknown doc_fragment(s) in file /usr/share/ansible/collections/ansible_collections/redhat/rhv/plugins/modules/ovirt_group.py: redhat.rhv.ovirt
2026-05-17T19:20:46.073904+00:00 ERROR 'ansible_navigator.actions.collections._parse' /usr/share/ansible/collections/ansible_collections/redhat/rhv/plugins/modules/ovirt_group_info.py AnsibleError (get_docstring): unknown doc_fragment(s) in file /usr/share/ansible/collections/ansible_collections/redhat/rhv/plugins/modules/ovirt_group_info.py: redhat.rhv.ovirt_info
2026-05-17T19:20:46.073913+00:00 ERROR 'ansible_navigator.actions.collections._parse' /usr/share/ansible/collections/ansible_collections/redhat/rhv/plugins/modules/ovirt_host.py AnsibleError (get_docstring): unknown doc_fragment(s) in file /usr/share/ansible/collections/ansible_collections/redhat/rhv/plugins/modules/ovirt_host.py: redhat.rhv.ovirt
2026-05-17T19:20:46.073921+00:00 ERROR 'ansible_navigator.actions.collections._parse' /usr/share/ansible/collections/ansible_collections/redhat/rhv/plugins/modules/ovirt_host_info.py AnsibleError (get_docstring): unknown doc_fragment(s) in file /usr/share/ansible/collections/ansible_collections/redhat/rhv/plugins/modules/ovirt_host_info.py: redhat.rhv.ovirt_info
2026-05-17T19:20:46.073930+00:00 ERROR 'ansible_navigator.actions.collections._parse' /usr/share/ansible/collections/ansible_collections/redhat/rhv/plugins/modules/ovirt_host_network.py AnsibleError (get_docstring): unknown doc_fragment(s) in file /usr/share/ansible/collections/ansible_collections/redhat/rhv/plugins/modules/ovirt_host_network.py: redhat.rhv.ovirt
2026-05-17T19:20:46.073939+00:00 ERROR 'ansible_navigator.actions.collections._parse' /usr/share/ansible/collections/ansible_collections/redhat/rhv/plugins/modules/ovirt_host_pm.py AnsibleError (get_docstring): unknown doc_fragment(s) in file /usr/share/ansible/collections/ansible_collections/redhat/rhv/plugins/modules/ovirt_host_pm.py: redhat.rhv.ovirt
2026-05-17T19:20:46.073948+00:00 ERROR 'ansible_navigator.actions.collections._parse' /usr/share/ansible/collections/ansible_collections/redhat/rhv/plugins/modules/ovirt_host_storage_info.py AnsibleError (get_docstring): unknown doc_fragment(s) in file /usr/share/ansible/collections/ansible_collections/redhat/rhv/plugins/modules/ovirt_host_storage_info.py: redhat.rhv.ovirt_info
2026-05-17T19:20:46.073958+00:00 ERROR 'ansible_navigator.actions.collections._parse' /usr/share/ansible/collections/ansible_collections/redhat/rhv/plugins/modules/ovirt_instance_type.py AnsibleError (get_docstring): unknown doc_fragment(s) in file /usr/share/ansible/collections/ansible_collections/redhat/rhv/plugins/modules/ovirt_instance_type.py: redhat.rhv.ovirt
2026-05-17T19:20:46.073967+00:00 ERROR 'ansible_navigator.actions.collections._parse' /usr/share/ansible/collections/ansible_collections/redhat/rhv/plugins/modules/ovirt_job.py AnsibleError (get_docstring): unknown doc_fragment(s) in file /usr/share/ansible/collections/ansible_collections/redhat/rhv/plugins/modules/ovirt_job.py: redhat.rhv.ovirt
2026-05-17T19:20:46.073976+00:00 ERROR 'ansible_navigator.actions.collections._parse' /usr/share/ansible/collections/ansible_collections/redhat/rhv/plugins/modules/ovirt_mac_pool.py AnsibleError (get_docstring): unknown doc_fragment(s) in file /usr/share/ansible/collections/ansible_collections/redhat/rhv/plugins/modules/ovirt_mac_pool.py: redhat.rhv.ovirt
2026-05-17T19:20:46.073984+00:00 ERROR 'ansible_navigator.actions.collections._parse' /usr/share/ansible/collections/ansible_collections/redhat/rhv/plugins/modules/ovirt_network.py AnsibleError (get_docstring): unknown doc_fragment(s) in file /usr/share/ansible/collections/ansible_collections/redhat/rhv/plugins/modules/ovirt_network.py: redhat.rhv.ovirt
2026-05-17T19:20:46.073993+00:00 ERROR 'ansible_navigator.actions.collections._parse' /usr/share/ansible/collections/ansible_collections/redhat/rhv/plugins/modules/ovirt_network_info.py AnsibleError (get_docstring): unknown doc_fragment(s) in file /usr/share/ansible/collections/ansible_collections/redhat/rhv/plugins/modules/ovirt_network_info.py: redhat.rhv.ovirt_info
2026-05-17T19:20:46.074001+00:00 ERROR 'ansible_navigator.actions.collections._parse' /usr/share/ansible/collections/ansible_collections/redhat/rhv/plugins/modules/ovirt_nic.py AnsibleError (get_docstring): unknown doc_fragment(s) in file /usr/share/ansible/collections/ansible_collections/redhat/rhv/plugins/modules/ovirt_nic.py: redhat.rhv.ovirt
2026-05-17T19:20:46.074010+00:00 ERROR 'ansible_navigator.actions.collections._parse' /usr/share/ansible/collections/ansible_collections/redhat/rhv/plugins/modules/ovirt_nic_info.py AnsibleError (get_docstring): unknown doc_fragment(s) in file /usr/share/ansible/collections/ansible_collections/redhat/rhv/plugins/modules/ovirt_nic_info.py: redhat.rhv.ovirt_info
2026-05-17T19:20:46.074018+00:00 ERROR 'ansible_navigator.actions.collections._parse' /usr/share/ansible/collections/ansible_collections/redhat/rhv/plugins/modules/ovirt_permission.py AnsibleError (get_docstring): unknown doc_fragment(s) in file /usr/share/ansible/collections/ansible_collections/redhat/rhv/plugins/modules/ovirt_permission.py: redhat.rhv.ovirt
2026-05-17T19:20:46.074027+00:00 ERROR 'ansible_navigator.actions.collections._parse' /usr/share/ansible/collections/ansible_collections/redhat/rhv/plugins/modules/ovirt_permission_info.py AnsibleError (get_docstring): unknown doc_fragment(s) in file /usr/share/ansible/collections/ansible_collections/redhat/rhv/plugins/modules/ovirt_permission_info.py: redhat.rhv.ovirt_info
2026-05-17T19:20:46.074036+00:00 ERROR 'ansible_navigator.actions.collections._parse' /usr/share/ansible/collections/ansible_collections/redhat/rhv/plugins/modules/ovirt_qos.py AnsibleError (get_docstring): unknown doc_fragment(s) in file /usr/share/ansible/collections/ansible_collections/redhat/rhv/plugins/modules/ovirt_qos.py: redhat.rhv.ovirt
2026-05-17T19:20:46.074045+00:00 ERROR 'ansible_navigator.actions.collections._parse' /usr/share/ansible/collections/ansible_collections/redhat/rhv/plugins/modules/ovirt_quota.py AnsibleError (get_docstring): unknown doc_fragment(s) in file /usr/share/ansible/collections/ansible_collections/redhat/rhv/plugins/modules/ovirt_quota.py: redhat.rhv.ovirt
2026-05-17T19:20:46.074055+00:00 ERROR 'ansible_navigator.actions.collections._parse' /usr/share/ansible/collections/ansible_collections/redhat/rhv/plugins/modules/ovirt_quota_info.py AnsibleError (get_docstring): unknown doc_fragment(s) in file /usr/share/ansible/collections/ansible_collections/redhat/rhv/plugins/modules/ovirt_quota_info.py: redhat.rhv.ovirt_info
2026-05-17T19:20:46.074064+00:00 ERROR 'ansible_navigator.actions.collections._parse' /usr/share/ansible/collections/ansible_collections/redhat/rhv/plugins/modules/ovirt_role.py AnsibleError (get_docstring): unknown doc_fragment(s) in file /usr/share/ansible/collections/ansible_collections/redhat/rhv/plugins/modules/ovirt_role.py: redhat.rhv.ovirt
2026-05-17T19:20:46.074073+00:00 ERROR 'ansible_navigator.actions.collections._parse' /usr/share/ansible/collections/ansible_collections/redhat/rhv/plugins/modules/ovirt_scheduling_policy_info.py AnsibleError (get_docstring): unknown doc_fragment(s) in file /usr/share/ansible/collections/ansible_collections/redhat/rhv/plugins/modules/ovirt_scheduling_policy_info.py: redhat.rhv.ovirt_info
2026-05-17T19:20:46.074082+00:00 ERROR 'ansible_navigator.actions.collections._parse' /usr/share/ansible/collections/ansible_collections/redhat/rhv/plugins/modules/ovirt_snapshot.py AnsibleError (get_docstring): unknown doc_fragment(s) in file /usr/share/ansible/collections/ansible_collections/redhat/rhv/plugins/modules/ovirt_snapshot.py: redhat.rhv.ovirt
2026-05-17T19:20:46.074091+00:00 ERROR 'ansible_navigator.actions.collections._parse' /usr/share/ansible/collections/ansible_collections/redhat/rhv/plugins/modules/ovirt_snapshot_info.py AnsibleError (get_docstring): unknown doc_fragment(s) in file /usr/share/ansible/collections/ansible_collections/redhat/rhv/plugins/modules/ovirt_snapshot_info.py: redhat.rhv.ovirt_info
2026-05-17T19:20:46.074100+00:00 ERROR 'ansible_navigator.actions.collections._parse' /usr/share/ansible/collections/ansible_collections/redhat/rhv/plugins/modules/ovirt_storage_connection.py AnsibleError (get_docstring): unknown doc_fragment(s) in file /usr/share/ansible/collections/ansible_collections/redhat/rhv/plugins/modules/ovirt_storage_connection.py: redhat.rhv.ovirt
2026-05-17T19:20:46.074108+00:00 ERROR 'ansible_navigator.actions.collections._parse' /usr/share/ansible/collections/ansible_collections/redhat/rhv/plugins/modules/ovirt_storage_domain.py AnsibleError (get_docstring): unknown doc_fragment(s) in file /usr/share/ansible/collections/ansible_collections/redhat/rhv/plugins/modules/ovirt_storage_domain.py: redhat.rhv.ovirt
2026-05-17T19:20:46.074117+00:00 ERROR 'ansible_navigator.actions.collections._parse' /usr/share/ansible/collections/ansible_collections/redhat/rhv/plugins/modules/ovirt_storage_domain_info.py AnsibleError (get_docstring): unknown doc_fragment(s) in file /usr/share/ansible/collections/ansible_collections/redhat/rhv/plugins/modules/ovirt_storage_domain_info.py: redhat.rhv.ovirt_info
2026-05-17T19:20:46.074125+00:00 ERROR 'ansible_navigator.actions.collections._parse' /usr/share/ansible/collections/ansible_collections/redhat/rhv/plugins/modules/ovirt_storage_template_info.py AnsibleError (get_docstring): unknown doc_fragment(s) in file /usr/share/ansible/collections/ansible_collections/redhat/rhv/plugins/modules/ovirt_storage_template_info.py: redhat.rhv.ovirt_info
2026-05-17T19:20:46.074134+00:00 ERROR 'ansible_navigator.actions.collections._parse' /usr/share/ansible/collections/ansible_collections/redhat/rhv/plugins/modules/ovirt_storage_vm_info.py AnsibleError (get_docstring): unknown doc_fragment(s) in file /usr/share/ansible/collections/ansible_collections/redhat/rhv/plugins/modules/ovirt_storage_vm_info.py: redhat.rhv.ovirt_info
2026-05-17T19:20:46.074143+00:00 ERROR 'ansible_navigator.actions.collections._parse' /usr/share/ansible/collections/ansible_collections/redhat/rhv/plugins/modules/ovirt_system_option_info.py AnsibleError (get_docstring): unknown doc_fragment(s) in file /usr/share/ansible/collections/ansible_collections/redhat/rhv/plugins/modules/ovirt_system_option_info.py: redhat.rhv.ovirt_info
2026-05-17T19:20:46.074153+00:00 ERROR 'ansible_navigator.actions.collections._parse' /usr/share/ansible/collections/ansible_collections/redhat/rhv/plugins/modules/ovirt_tag.py AnsibleError (get_docstring): unknown doc_fragment(s) in file /usr/share/ansible/collections/ansible_collections/redhat/rhv/plugins/modules/ovirt_tag.py: redhat.rhv.ovirt
2026-05-17T19:20:46.074162+00:00 ERROR 'ansible_navigator.actions.collections._parse' /usr/share/ansible/collections/ansible_collections/redhat/rhv/plugins/modules/ovirt_tag_info.py AnsibleError (get_docstring): unknown doc_fragment(s) in file /usr/share/ansible/collections/ansible_collections/redhat/rhv/plugins/modules/ovirt_tag_info.py: redhat.rhv.ovirt_info
2026-05-17T19:20:46.074171+00:00 ERROR 'ansible_navigator.actions.collections._parse' /usr/share/ansible/collections/ansible_collections/redhat/rhv/plugins/modules/ovirt_template.py AnsibleError (get_docstring): unknown doc_fragment(s) in file /usr/share/ansible/collections/ansible_collections/redhat/rhv/plugins/modules/ovirt_template.py: redhat.rhv.ovirt
2026-05-17T19:20:46.074180+00:00 ERROR 'ansible_navigator.actions.collections._parse' /usr/share/ansible/collections/ansible_collections/redhat/rhv/plugins/modules/ovirt_template_info.py AnsibleError (get_docstring): unknown doc_fragment(s) in file /usr/share/ansible/collections/ansible_collections/redhat/rhv/plugins/modules/ovirt_template_info.py: redhat.rhv.ovirt_info
2026-05-17T19:20:46.074188+00:00 ERROR 'ansible_navigator.actions.collections._parse' /usr/share/ansible/collections/ansible_collections/redhat/rhv/plugins/modules/ovirt_user.py AnsibleError (get_docstring): unknown doc_fragment(s) in file /usr/share/ansible/collections/ansible_collections/redhat/rhv/plugins/modules/ovirt_user.py: redhat.rhv.ovirt
2026-05-17T19:20:46.074198+00:00 ERROR 'ansible_navigator.actions.collections._parse' /usr/share/ansible/collections/ansible_collections/redhat/rhv/plugins/modules/ovirt_user_info.py AnsibleError (get_docstring): unknown doc_fragment(s) in file /usr/share/ansible/collections/ansible_collections/redhat/rhv/plugins/modules/ovirt_user_info.py: redhat.rhv.ovirt_info
2026-05-17T19:20:46.074207+00:00 ERROR 'ansible_navigator.actions.collections._parse' /usr/share/ansible/collections/ansible_collections/redhat/rhv/plugins/modules/ovirt_vm.py AnsibleError (get_docstring): unknown doc_fragment(s) in file /usr/share/ansible/collections/ansible_collections/redhat/rhv/plugins/modules/ovirt_vm.py: redhat.rhv.ovirt
2026-05-17T19:20:46.074216+00:00 ERROR 'ansible_navigator.actions.collections._parse' /usr/share/ansible/collections/ansible_collections/redhat/rhv/plugins/modules/ovirt_vm_info.py AnsibleError (get_docstring): unknown doc_fragment(s) in file /usr/share/ansible/collections/ansible_collections/redhat/rhv/plugins/modules/ovirt_vm_info.py: redhat.rhv.ovirt_info
2026-05-17T19:20:46.074224+00:00 ERROR 'ansible_navigator.actions.collections._parse' /usr/share/ansible/collections/ansible_collections/redhat/rhv/plugins/modules/ovirt_vm_os_info.py AnsibleError (get_docstring): unknown doc_fragment(s) in file /usr/share/ansible/collections/ansible_collections/redhat/rhv/plugins/modules/ovirt_vm_os_info.py: redhat.rhv.ovirt_info
2026-05-17T19:20:46.074233+00:00 ERROR 'ansible_navigator.actions.collections._parse' /usr/share/ansible/collections/ansible_collections/redhat/rhv/plugins/modules/ovirt_vmpool.py AnsibleError (get_docstring): unknown doc_fragment(s) in file /usr/share/ansible/collections/ansible_collections/redhat/rhv/plugins/modules/ovirt_vmpool.py: redhat.rhv.ovirt
2026-05-17T19:20:46.074242+00:00 ERROR 'ansible_navigator.actions.collections._parse' /usr/share/ansible/collections/ansible_collections/redhat/rhv/plugins/modules/ovirt_vmpool_info.py AnsibleError (get_docstring): unknown doc_fragment(s) in file /usr/share/ansible/collections/ansible_collections/redhat/rhv/plugins/modules/ovirt_vmpool_info.py: redhat.rhv.ovirt_info
2026-05-17T19:20:46.074251+00:00 ERROR 'ansible_navigator.actions.collections._parse' /usr/share/ansible/collections/ansible_collections/redhat/rhv/plugins/modules/ovirt_vnic_profile.py AnsibleError (get_docstring): unknown doc_fragment(s) in file /usr/share/ansible/collections/ansible_collections/redhat/rhv/plugins/modules/ovirt_vnic_profile.py: redhat.rhv.ovirt
2026-05-17T19:20:46.074261+00:00 ERROR 'ansible_navigator.actions.collections._parse' /usr/share/ansible/collections/ansible_collections/redhat/rhv/plugins/modules/ovirt_vnic_profile_info.py AnsibleError (get_docstring): unknown doc_fragment(s) in file /usr/share/ansible/collections/ansible_collections/redhat/rhv/plugins/modules/ovirt_vnic_profile_info.py: redhat.rhv.ovirt_info
2026-05-17T19:20:46.074270+00:00 ERROR 'ansible_navigator.actions.collections._parse' /usr/share/ansible/collections/ansible_collections/redhat/rhv/plugins/test/ovirt_proxied_check.py AttributeError (get_docstring): 'AnsibleUnicode' object has no attribute 'get'
2026-05-17T19:20:46.074278+00:00 ERROR 'ansible_navigator.actions.collections._parse' /usr/share/ansible/collections/ansible_collections/redhat/runtimes_common/plugins/modules/maven_artifact.py AnsibleError (get_docstring): unknown doc_fragment(s) in file /usr/share/ansible/collections/ansible_collections/redhat/runtimes_common/plugins/modules/maven_artifact.py: ansible.builtin.files
2026-05-17T19:20:46.074287+00:00 ERROR 'ansible_navigator.actions.collections._parse' /usr/share/ansible/collections/ansible_collections/redhat/runtimes_common/plugins/modules/product_download.py AnsibleError (get_docstring): unknown doc_fragment(s) in file /usr/share/ansible/collections/ansible_collections/redhat/runtimes_common/plugins/modules/product_download.py: redhat.runtimes_common.jbossnetwork_connection_options
2026-05-17T19:20:46.074296+00:00 ERROR 'ansible_navigator.actions.collections._parse' /usr/share/ansible/collections/ansible_collections/redhat/runtimes_common/plugins/modules/product_search.py AnsibleError (get_docstring): unknown doc_fragment(s) in file /usr/share/ansible/collections/ansible_collections/redhat/runtimes_common/plugins/modules/product_search.py: redhat.runtimes_common.jbossnetwork_connection_options
2026-05-17T19:20:46.074305+00:00 ERROR 'ansible_navigator.actions.collections._parse' /usr/share/ansible/collections/ansible_collections/redhat/satellite/plugins/modules/activation_key.py AnsibleError (get_docstring): unknown doc_fragment(s) in file /usr/share/ansible/collections/ansible_collections/redhat/satellite/plugins/modules/activation_key.py: redhat.satellite.foreman, redhat.satellite.foreman.organization
2026-05-17T19:20:46.074313+00:00 ERROR 'ansible_navigator.actions.collections._parse' /usr/share/ansible/collections/ansible_collections/redhat/satellite/plugins/modules/architecture.py AnsibleError (get_docstring): unknown doc_fragment(s) in file /usr/share/ansible/collections/ansible_collections/redhat/satellite/plugins/modules/architecture.py: redhat.satellite.foreman, redhat.satellite.foreman.entity_state, redhat.satellite.foreman.operatingsystems
2026-05-17T19:20:46.074322+00:00 ERROR 'ansible_navigator.actions.collections._parse' /usr/share/ansible/collections/ansible_collections/redhat/satellite/plugins/modules/auth_source_ldap.py AnsibleError (get_docstring): unknown doc_fragment(s) in file /usr/share/ansible/collections/ansible_collections/redhat/satellite/plugins/modules/auth_source_ldap.py: redhat.satellite.foreman, redhat.satellite.foreman.entity_state, redhat.satellite.foreman.taxonomy
2026-05-17T19:20:46.074331+00:00 ERROR 'ansible_navigator.actions.collections._parse' /usr/share/ansible/collections/ansible_collections/redhat/satellite/plugins/modules/bookmark.py AnsibleError (get_docstring): unknown doc_fragment(s) in file /usr/share/ansible/collections/ansible_collections/redhat/satellite/plugins/modules/bookmark.py: redhat.satellite.foreman, redhat.satellite.foreman.entity_state_with_defaults
2026-05-17T19:20:46.074340+00:00 ERROR 'ansible_navigator.actions.collections._parse' /usr/share/ansible/collections/ansible_collections/redhat/satellite/plugins/modules/compute_attribute.py AnsibleError (get_docstring): unknown doc_fragment(s) in file /usr/share/ansible/collections/ansible_collections/redhat/satellite/plugins/modules/compute_attribute.py: redhat.satellite.foreman, redhat.satellite.foreman.entity_state
2026-05-17T19:20:46.074350+00:00 ERROR 'ansible_navigator.actions.collections._parse' /usr/share/ansible/collections/ansible_collections/redhat/satellite/plugins/modules/compute_profile.py AnsibleError (get_docstring): unknown doc_fragment(s) in file /usr/share/ansible/collections/ansible_collections/redhat/satellite/plugins/modules/compute_profile.py: redhat.satellite.foreman, redhat.satellite.foreman.entity_state
2026-05-17T19:20:46.074358+00:00 ERROR 'ansible_navigator.actions.collections._parse' /usr/share/ansible/collections/ansible_collections/redhat/satellite/plugins/modules/compute_resource.py AnsibleError (get_docstring): unknown doc_fragment(s) in file /usr/share/ansible/collections/ansible_collections/redhat/satellite/plugins/modules/compute_resource.py: redhat.satellite.foreman, redhat.satellite.foreman.entity_state_with_defaults, redhat.satellite.foreman.taxonomy
2026-05-17T19:20:46.074367+00:00 ERROR 'ansible_navigator.actions.collections._parse' /usr/share/ansible/collections/ansible_collections/redhat/satellite/plugins/modules/config_group.py AnsibleError (get_docstring): unknown doc_fragment(s) in file /usr/share/ansible/collections/ansible_collections/redhat/satellite/plugins/modules/config_group.py: redhat.satellite.foreman, redhat.satellite.foreman.entity_state
2026-05-17T19:20:46.074376+00:00 ERROR 'ansible_navigator.actions.collections._parse' /usr/share/ansible/collections/ansible_collections/redhat/satellite/plugins/modules/content_credential.py AnsibleError (get_docstring): unknown doc_fragment(s) in file /usr/share/ansible/collections/ansible_collections/redhat/satellite/plugins/modules/content_credential.py: redhat.satellite.foreman, redhat.satellite.foreman.entity_state, redhat.satellite.foreman.organization
2026-05-17T19:20:46.074385+00:00 ERROR 'ansible_navigator.actions.collections._parse' /usr/share/ansible/collections/ansible_collections/redhat/satellite/plugins/modules/content_export_info.py AnsibleError (get_docstring): unknown doc_fragment(s) in file /usr/share/ansible/collections/ansible_collections/redhat/satellite/plugins/modules/content_export_info.py: redhat.satellite.foreman, redhat.satellite.foreman.katelloinfomodule, redhat.satellite.foreman.infomodulewithoutname
2026-05-17T19:20:46.074394+00:00 ERROR 'ansible_navigator.actions.collections._parse' /usr/share/ansible/collections/ansible_collections/redhat/satellite/plugins/modules/content_export_library.py AnsibleError (get_docstring): unknown doc_fragment(s) in file /usr/share/ansible/collections/ansible_collections/redhat/satellite/plugins/modules/content_export_library.py: redhat.satellite.foreman, redhat.satellite.foreman.organization, redhat.satellite.foreman.katelloexport
2026-05-17T19:20:46.074402+00:00 ERROR 'ansible_navigator.actions.collections._parse' /usr/share/ansible/collections/ansible_collections/redhat/satellite/plugins/modules/content_export_repository.py AnsibleError (get_docstring): unknown doc_fragment(s) in file /usr/share/ansible/collections/ansible_collections/redhat/satellite/plugins/modules/content_export_repository.py: redhat.satellite.foreman, redhat.satellite.foreman.organization, redhat.satellite.foreman.katelloexport
2026-05-17T19:20:46.074411+00:00 ERROR 'ansible_navigator.actions.collections._parse' /usr/share/ansible/collections/ansible_collections/redhat/satellite/plugins/modules/content_export_version.py AnsibleError (get_docstring): unknown doc_fragment(s) in file /usr/share/ansible/collections/ansible_collections/redhat/satellite/plugins/modules/content_export_version.py: redhat.satellite.foreman, redhat.satellite.foreman.organization, redhat.satellite.foreman.katelloexport
2026-05-17T19:20:46.074446+00:00 ERROR 'ansible_navigator.actions.collections._parse' /usr/share/ansible/collections/ansible_collections/redhat/satellite/plugins/modules/content_upload.py AnsibleError (get_docstring): unknown doc_fragment(s) in file /usr/share/ansible/collections/ansible_collections/redhat/satellite/plugins/modules/content_upload.py: redhat.satellite.foreman, redhat.satellite.foreman.organization
2026-05-17T19:20:46.074466+00:00 ERROR 'ansible_navigator.actions.collections._parse' /usr/share/ansible/collections/ansible_collections/redhat/satellite/plugins/modules/content_view.py AnsibleError (get_docstring): unknown doc_fragment(s) in file /usr/share/ansible/collections/ansible_collections/redhat/satellite/plugins/modules/content_view.py: redhat.satellite.foreman, redhat.satellite.foreman.entity_state_with_defaults, redhat.satellite.foreman.organization
2026-05-17T19:20:46.074479+00:00 ERROR 'ansible_navigator.actions.collections._parse' /usr/share/ansible/collections/ansible_collections/redhat/satellite/plugins/modules/content_view_filter.py AnsibleError (get_docstring): unknown doc_fragment(s) in file /usr/share/ansible/collections/ansible_collections/redhat/satellite/plugins/modules/content_view_filter.py: redhat.satellite.foreman, redhat.satellite.foreman.organization
2026-05-17T19:20:46.074489+00:00 ERROR 'ansible_navigator.actions.collections._parse' /usr/share/ansible/collections/ansible_collections/redhat/satellite/plugins/modules/content_view_filter_info.py AnsibleError (get_docstring): unknown doc_fragment(s) in file /usr/share/ansible/collections/ansible_collections/redhat/satellite/plugins/modules/content_view_filter_info.py: redhat.satellite.foreman, redhat.satellite.foreman.katelloinfomodule, redhat.satellite.foreman.infomodule
2026-05-17T19:20:46.074499+00:00 ERROR 'ansible_navigator.actions.collections._parse' /usr/share/ansible/collections/ansible_collections/redhat/satellite/plugins/modules/content_view_filter_rule.py AnsibleError (get_docstring): unknown doc_fragment(s) in file /usr/share/ansible/collections/ansible_collections/redhat/satellite/plugins/modules/content_view_filter_rule.py: redhat.satellite.foreman, redhat.satellite.foreman.entity_state, redhat.satellite.foreman.organization
2026-05-17T19:20:46.074510+00:00 ERROR 'ansible_navigator.actions.collections._parse' /usr/share/ansible/collections/ansible_collections/redhat/satellite/plugins/modules/content_view_filter_rule_info.py AnsibleError (get_docstring): unknown doc_fragment(s) in file /usr/share/ansible/collections/ansible_collections/redhat/satellite/plugins/modules/content_view_filter_rule_info.py: redhat.satellite.foreman, redhat.satellite.foreman.katelloinfomodule, redhat.satellite.foreman.infomodule
2026-05-17T19:20:46.074520+00:00 ERROR 'ansible_navigator.actions.collections._parse' /usr/share/ansible/collections/ansible_collections/redhat/satellite/plugins/modules/content_view_info.py AnsibleError (get_docstring): unknown doc_fragment(s) in file /usr/share/ansible/collections/ansible_collections/redhat/satellite/plugins/modules/content_view_info.py: redhat.satellite.foreman, redhat.satellite.foreman.infomodule
2026-05-17T19:20:46.074529+00:00 ERROR 'ansible_navigator.actions.collections._parse' /usr/share/ansible/collections/ansible_collections/redhat/satellite/plugins/modules/content_view_version.py AnsibleError (get_docstring): unknown doc_fragment(s) in file /usr/share/ansible/collections/ansible_collections/redhat/satellite/plugins/modules/content_view_version.py: redhat.satellite.foreman, redhat.satellite.foreman.entity_state, redhat.satellite.foreman.organization
2026-05-17T19:20:46.074538+00:00 ERROR 'ansible_navigator.actions.collections._parse' /usr/share/ansible/collections/ansible_collections/redhat/satellite/plugins/modules/content_view_version_info.py AnsibleError (get_docstring): unknown doc_fragment(s) in file /usr/share/ansible/collections/ansible_collections/redhat/satellite/plugins/modules/content_view_version_info.py: redhat.satellite.foreman, redhat.satellite.foreman.katelloinfomodule, redhat.satellite.foreman.infomodulewithoutname
2026-05-17T19:20:46.074547+00:00 ERROR 'ansible_navigator.actions.collections._parse' /usr/share/ansible/collections/ansible_collections/redhat/satellite/plugins/modules/discovery_rule.py AnsibleError (get_docstring): unknown doc_fragment(s) in file /usr/share/ansible/collections/ansible_collections/redhat/satellite/plugins/modules/discovery_rule.py: redhat.satellite.foreman, redhat.satellite.foreman.entity_state, redhat.satellite.foreman.taxonomy
2026-05-17T19:20:46.074558+00:00 ERROR 'ansible_navigator.actions.collections._parse' /usr/share/ansible/collections/ansible_collections/redhat/satellite/plugins/modules/domain.py AnsibleError (get_docstring): unknown doc_fragment(s) in file /usr/share/ansible/collections/ansible_collections/redhat/satellite/plugins/modules/domain.py: redhat.satellite.foreman, redhat.satellite.foreman.entity_state, redhat.satellite.foreman.taxonomy, redhat.satellite.foreman.nested_parameters
2026-05-17T19:20:46.074567+00:00 ERROR 'ansible_navigator.actions.collections._parse' /usr/share/ansible/collections/ansible_collections/redhat/satellite/plugins/modules/domain_info.py AnsibleError (get_docstring): unknown doc_fragment(s) in file /usr/share/ansible/collections/ansible_collections/redhat/satellite/plugins/modules/domain_info.py: redhat.satellite.foreman, redhat.satellite.foreman.infomodule
2026-05-17T19:20:46.074576+00:00 ERROR 'ansible_navigator.actions.collections._parse' /usr/share/ansible/collections/ansible_collections/redhat/satellite/plugins/modules/external_usergroup.py AnsibleError (get_docstring): unknown doc_fragment(s) in file /usr/share/ansible/collections/ansible_collections/redhat/satellite/plugins/modules/external_usergroup.py: redhat.satellite.foreman, redhat.satellite.foreman.entity_state
2026-05-17T19:20:46.074585+00:00 ERROR 'ansible_navigator.actions.collections._parse' /usr/share/ansible/collections/ansible_collections/redhat/satellite/plugins/modules/global_parameter.py AnsibleError (get_docstring): unknown doc_fragment(s) in file /usr/share/ansible/collections/ansible_collections/redhat/satellite/plugins/modules/global_parameter.py: redhat.satellite.foreman, redhat.satellite.foreman.entity_state_with_defaults
2026-05-17T19:20:46.074594+00:00 ERROR 'ansible_navigator.actions.collections._parse' /usr/share/ansible/collections/ansible_collections/redhat/satellite/plugins/modules/hardware_model.py AnsibleError (get_docstring): unknown doc_fragment(s) in file /usr/share/ansible/collections/ansible_collections/redhat/satellite/plugins/modules/hardware_model.py: redhat.satellite.foreman, redhat.satellite.foreman.entity_state
2026-05-17T19:20:46.074604+00:00 ERROR 'ansible_navigator.actions.collections._parse' /usr/share/ansible/collections/ansible_collections/redhat/satellite/plugins/modules/host.py AnsibleError (get_docstring): unknown doc_fragment(s) in file /usr/share/ansible/collections/ansible_collections/redhat/satellite/plugins/modules/host.py: redhat.satellite.foreman, redhat.satellite.foreman.entity_state, redhat.satellite.foreman.host_options, redhat.satellite.foreman.nested_parameters, redhat.satellite.foreman.operatingsystem
2026-05-17T19:20:46.074612+00:00 ERROR 'ansible_navigator.actions.collections._parse' /usr/share/ansible/collections/ansible_collections/redhat/satellite/plugins/modules/host_collection.py AnsibleError (get_docstring): unknown doc_fragment(s) in file /usr/share/ansible/collections/ansible_collections/redhat/satellite/plugins/modules/host_collection.py: redhat.satellite.foreman, redhat.satellite.foreman.entity_state, redhat.satellite.foreman.organization
2026-05-17T19:20:46.074621+00:00 ERROR 'ansible_navigator.actions.collections._parse' /usr/share/ansible/collections/ansible_collections/redhat/satellite/plugins/modules/host_errata_info.py AnsibleError (get_docstring): unknown doc_fragment(s) in file /usr/share/ansible/collections/ansible_collections/redhat/satellite/plugins/modules/host_errata_info.py: redhat.satellite.foreman, redhat.satellite.foreman.infomodulewithoutname
2026-05-17T19:20:46.074630+00:00 ERROR 'ansible_navigator.actions.collections._parse' /usr/share/ansible/collections/ansible_collections/redhat/satellite/plugins/modules/host_info.py AnsibleError (get_docstring): unknown doc_fragment(s) in file /usr/share/ansible/collections/ansible_collections/redhat/satellite/plugins/modules/host_info.py: redhat.satellite.foreman, redhat.satellite.foreman.infomodule
2026-05-17T19:20:46.074641+00:00 ERROR 'ansible_navigator.actions.collections._parse' /usr/share/ansible/collections/ansible_collections/redhat/satellite/plugins/modules/host_power.py AnsibleError (get_docstring): unknown doc_fragment(s) in file /usr/share/ansible/collections/ansible_collections/redhat/satellite/plugins/modules/host_power.py: redhat.satellite.foreman
2026-05-17T19:20:46.074650+00:00 ERROR 'ansible_navigator.actions.collections._parse' /usr/share/ansible/collections/ansible_collections/redhat/satellite/plugins/modules/hostgroup.py AnsibleError (get_docstring): unknown doc_fragment(s) in file /usr/share/ansible/collections/ansible_collections/redhat/satellite/plugins/modules/hostgroup.py: redhat.satellite.foreman, redhat.satellite.foreman.entity_state, redhat.satellite.foreman.taxonomy, redhat.satellite.foreman.nested_parameters, redhat.satellite.foreman.host_options, redhat.satellite.foreman.operatingsystem
2026-05-17T19:20:46.074659+00:00 ERROR 'ansible_navigator.actions.collections._parse' /usr/share/ansible/collections/ansible_collections/redhat/satellite/plugins/modules/hostgroup_info.py AnsibleError (get_docstring): unknown doc_fragment(s) in file /usr/share/ansible/collections/ansible_collections/redhat/satellite/plugins/modules/hostgroup_info.py: redhat.satellite.foreman, redhat.satellite.foreman.infomodule
2026-05-17T19:20:46.074667+00:00 ERROR 'ansible_navigator.actions.collections._parse' /usr/share/ansible/collections/ansible_collections/redhat/satellite/plugins/modules/http_proxy.py AnsibleError (get_docstring): unknown doc_fragment(s) in file /usr/share/ansible/collections/ansible_collections/redhat/satellite/plugins/modules/http_proxy.py: redhat.satellite.foreman, redhat.satellite.foreman.entity_state, redhat.satellite.foreman.taxonomy
2026-05-17T19:20:46.074676+00:00 ERROR 'ansible_navigator.actions.collections._parse' /usr/share/ansible/collections/ansible_collections/redhat/satellite/plugins/modules/image.py AnsibleError (get_docstring): unknown doc_fragment(s) in file /usr/share/ansible/collections/ansible_collections/redhat/satellite/plugins/modules/image.py: redhat.satellite.foreman, redhat.satellite.foreman.entity_state, redhat.satellite.foreman.operatingsystem
2026-05-17T19:20:46.074685+00:00 ERROR 'ansible_navigator.actions.collections._parse' /usr/share/ansible/collections/ansible_collections/redhat/satellite/plugins/modules/installation_medium.py AnsibleError (get_docstring): unknown doc_fragment(s) in file /usr/share/ansible/collections/ansible_collections/redhat/satellite/plugins/modules/installation_medium.py: redhat.satellite.foreman, redhat.satellite.foreman.entity_state_with_defaults, redhat.satellite.foreman.taxonomy, redhat.satellite.foreman.os_family, redhat.satellite.foreman.operatingsystems
2026-05-17T19:20:46.074695+00:00 ERROR 'ansible_navigator.actions.collections._parse' /usr/share/ansible/collections/ansible_collections/redhat/satellite/plugins/modules/job_invocation.py AnsibleError (get_docstring): unknown doc_fragment(s) in file /usr/share/ansible/collections/ansible_collections/redhat/satellite/plugins/modules/job_invocation.py: redhat.satellite.foreman
2026-05-17T19:20:46.074704+00:00 ERROR 'ansible_navigator.actions.collections._parse' /usr/share/ansible/collections/ansible_collections/redhat/satellite/plugins/modules/job_template.py AnsibleError (get_docstring): unknown doc_fragment(s) in file /usr/share/ansible/collections/ansible_collections/redhat/satellite/plugins/modules/job_template.py: redhat.satellite.foreman, redhat.satellite.foreman.entity_state_with_defaults, redhat.satellite.foreman.taxonomy
2026-05-17T19:20:46.074713+00:00 ERROR 'ansible_navigator.actions.collections._parse' /usr/share/ansible/collections/ansible_collections/redhat/satellite/plugins/modules/lifecycle_environment.py AnsibleError (get_docstring): unknown doc_fragment(s) in file /usr/share/ansible/collections/ansible_collections/redhat/satellite/plugins/modules/lifecycle_environment.py: redhat.satellite.foreman, redhat.satellite.foreman.entity_state, redhat.satellite.foreman.organization
2026-05-17T19:20:46.074723+00:00 ERROR 'ansible_navigator.actions.collections._parse' /usr/share/ansible/collections/ansible_collections/redhat/satellite/plugins/modules/location.py AnsibleError (get_docstring): unknown doc_fragment(s) in file /usr/share/ansible/collections/ansible_collections/redhat/satellite/plugins/modules/location.py: redhat.satellite.foreman, redhat.satellite.foreman.entity_state, redhat.satellite.foreman.nested_parameters
2026-05-17T19:20:46.074733+00:00 ERROR 'ansible_navigator.actions.collections._parse' /usr/share/ansible/collections/ansible_collections/redhat/satellite/plugins/modules/operatingsystem.py AnsibleError (get_docstring): unknown doc_fragment(s) in file /usr/share/ansible/collections/ansible_collections/redhat/satellite/plugins/modules/operatingsystem.py: redhat.satellite.foreman, redhat.satellite.foreman.entity_state_with_defaults, redhat.satellite.foreman.nested_parameters, redhat.satellite.foreman.os_family
2026-05-17T19:20:46.074745+00:00 ERROR 'ansible_navigator.actions.collections._parse' /usr/share/ansible/collections/ansible_collections/redhat/satellite/plugins/modules/organization.py AnsibleError (get_docstring): unknown doc_fragment(s) in file /usr/share/ansible/collections/ansible_collections/redhat/satellite/plugins/modules/organization.py: redhat.satellite.foreman, redhat.satellite.foreman.entity_state, redhat.satellite.foreman.nested_parameters
2026-05-17T19:20:46.074754+00:00 ERROR 'ansible_navigator.actions.collections._parse' /usr/share/ansible/collections/ansible_collections/redhat/satellite/plugins/modules/organization_info.py AnsibleError (get_docstring): unknown doc_fragment(s) in file /usr/share/ansible/collections/ansible_collections/redhat/satellite/plugins/modules/organization_info.py: redhat.satellite.foreman, redhat.satellite.foreman.infomodule
2026-05-17T19:20:46.074763+00:00 ERROR 'ansible_navigator.actions.collections._parse' /usr/share/ansible/collections/ansible_collections/redhat/satellite/plugins/modules/os_default_template.py AnsibleError (get_docstring): unknown doc_fragment(s) in file /usr/share/ansible/collections/ansible_collections/redhat/satellite/plugins/modules/os_default_template.py: redhat.satellite.foreman, redhat.satellite.foreman.entity_state_with_defaults, redhat.satellite.foreman.operatingsystem
2026-05-17T19:20:46.074772+00:00 ERROR 'ansible_navigator.actions.collections._parse' /usr/share/ansible/collections/ansible_collections/redhat/satellite/plugins/modules/partition_table.py AnsibleError (get_docstring): unknown doc_fragment(s) in file /usr/share/ansible/collections/ansible_collections/redhat/satellite/plugins/modules/partition_table.py: redhat.satellite.foreman, redhat.satellite.foreman.entity_state_with_defaults, redhat.satellite.foreman.taxonomy, redhat.satellite.foreman.os_family
2026-05-17T19:20:46.074780+00:00 ERROR 'ansible_navigator.actions.collections._parse' /usr/share/ansible/collections/ansible_collections/redhat/satellite/plugins/modules/product.py AnsibleError (get_docstring): unknown doc_fragment(s) in file /usr/share/ansible/collections/ansible_collections/redhat/satellite/plugins/modules/product.py: redhat.satellite.foreman, redhat.satellite.foreman.entity_state_with_defaults, redhat.satellite.foreman.organization
2026-05-17T19:20:46.074789+00:00 ERROR 'ansible_navigator.actions.collections._parse' /usr/share/ansible/collections/ansible_collections/redhat/satellite/plugins/modules/provisioning_template.py AnsibleError (get_docstring): unknown doc_fragment(s) in file /usr/share/ansible/collections/ansible_collections/redhat/satellite/plugins/modules/provisioning_template.py: redhat.satellite.foreman, redhat.satellite.foreman.entity_state_with_defaults, redhat.satellite.foreman.taxonomy, redhat.satellite.foreman.operatingsystems
2026-05-17T19:20:46.074798+00:00 ERROR 'ansible_navigator.actions.collections._parse' /usr/share/ansible/collections/ansible_collections/redhat/satellite/plugins/modules/puppet_environment.py AnsibleError (get_docstring): unknown doc_fragment(s) in file /usr/share/ansible/collections/ansible_collections/redhat/satellite/plugins/modules/puppet_environment.py: redhat.satellite.foreman, redhat.satellite.foreman.entity_state, redhat.satellite.foreman.taxonomy
2026-05-17T19:20:46.074808+00:00 ERROR 'ansible_navigator.actions.collections._parse' /usr/share/ansible/collections/ansible_collections/redhat/satellite/plugins/modules/puppetclasses_import.py AnsibleError (get_docstring): unknown doc_fragment(s) in file /usr/share/ansible/collections/ansible_collections/redhat/satellite/plugins/modules/puppetclasses_import.py: redhat.satellite.foreman
2026-05-17T19:20:46.074817+00:00 ERROR 'ansible_navigator.actions.collections._parse' /usr/share/ansible/collections/ansible_collections/redhat/satellite/plugins/modules/realm.py AnsibleError (get_docstring): unknown doc_fragment(s) in file /usr/share/ansible/collections/ansible_collections/redhat/satellite/plugins/modules/realm.py: redhat.satellite.foreman, redhat.satellite.foreman.entity_state, redhat.satellite.foreman.taxonomy
2026-05-17T19:20:46.074826+00:00 ERROR 'ansible_navigator.actions.collections._parse' /usr/share/ansible/collections/ansible_collections/redhat/satellite/plugins/modules/repository.py AnsibleError (get_docstring): unknown doc_fragment(s) in file /usr/share/ansible/collections/ansible_collections/redhat/satellite/plugins/modules/repository.py: redhat.satellite.foreman, redhat.satellite.foreman.entity_state_with_defaults, redhat.satellite.foreman.organization
2026-05-17T19:20:46.074834+00:00 ERROR 'ansible_navigator.actions.collections._parse' /usr/share/ansible/collections/ansible_collections/redhat/satellite/plugins/modules/repository_info.py AnsibleError (get_docstring): unknown doc_fragment(s) in file /usr/share/ansible/collections/ansible_collections/redhat/satellite/plugins/modules/repository_info.py: redhat.satellite.foreman, redhat.satellite.foreman.katelloinfomodule, redhat.satellite.foreman.infomodule
2026-05-17T19:20:46.074843+00:00 ERROR 'ansible_navigator.actions.collections._parse' /usr/share/ansible/collections/ansible_collections/redhat/satellite/plugins/modules/repository_set.py AnsibleError (get_docstring): unknown doc_fragment(s) in file /usr/share/ansible/collections/ansible_collections/redhat/satellite/plugins/modules/repository_set.py: redhat.satellite.foreman, redhat.satellite.foreman.organization
2026-05-17T19:20:46.074852+00:00 ERROR 'ansible_navigator.actions.collections._parse' /usr/share/ansible/collections/ansible_collections/redhat/satellite/plugins/modules/repository_set_info.py AnsibleError (get_docstring): unknown doc_fragment(s) in file /usr/share/ansible/collections/ansible_collections/redhat/satellite/plugins/modules/repository_set_info.py: redhat.satellite.foreman, redhat.satellite.foreman.katelloinfomodule, redhat.satellite.foreman.infomodule
2026-05-17T19:20:46.074860+00:00 ERROR 'ansible_navigator.actions.collections._parse' /usr/share/ansible/collections/ansible_collections/redhat/satellite/plugins/modules/repository_sync.py AnsibleError (get_docstring): unknown doc_fragment(s) in file /usr/share/ansible/collections/ansible_collections/redhat/satellite/plugins/modules/repository_sync.py: redhat.satellite.foreman, redhat.satellite.foreman.organization
2026-05-17T19:20:46.074869+00:00 ERROR 'ansible_navigator.actions.collections._parse' /usr/share/ansible/collections/ansible_collections/redhat/satellite/plugins/modules/resource_info.py AnsibleError (get_docstring): unknown doc_fragment(s) in file /usr/share/ansible/collections/ansible_collections/redhat/satellite/plugins/modules/resource_info.py: redhat.satellite.foreman
2026-05-17T19:20:46.074878+00:00 ERROR 'ansible_navigator.actions.collections._parse' /usr/share/ansible/collections/ansible_collections/redhat/satellite/plugins/modules/role.py AnsibleError (get_docstring): unknown doc_fragment(s) in file /usr/share/ansible/collections/ansible_collections/redhat/satellite/plugins/modules/role.py: redhat.satellite.foreman, redhat.satellite.foreman.entity_state, redhat.satellite.foreman.taxonomy
2026-05-17T19:20:46.074891+00:00 ERROR 'ansible_navigator.actions.collections._parse' /usr/share/ansible/collections/ansible_collections/redhat/satellite/plugins/modules/scap_content.py AnsibleError (get_docstring): unknown doc_fragment(s) in file /usr/share/ansible/collections/ansible_collections/redhat/satellite/plugins/modules/scap_content.py: redhat.satellite.foreman, redhat.satellite.foreman.entity_state, redhat.satellite.foreman.taxonomy, redhat.satellite.foreman.scap_datastream
2026-05-17T19:20:46.074900+00:00 ERROR 'ansible_navigator.actions.collections._parse' /usr/share/ansible/collections/ansible_collections/redhat/satellite/plugins/modules/scap_tailoring_file.py AnsibleError (get_docstring): unknown doc_fragment(s) in file /usr/share/ansible/collections/ansible_collections/redhat/satellite/plugins/modules/scap_tailoring_file.py: redhat.satellite.foreman, redhat.satellite.foreman.entity_state, redhat.satellite.foreman.taxonomy, redhat.satellite.foreman.scap_datastream
2026-05-17T19:20:46.074909+00:00 ERROR 'ansible_navigator.actions.collections._parse' /usr/share/ansible/collections/ansible_collections/redhat/satellite/plugins/modules/setting.py AnsibleError (get_docstring): unknown doc_fragment(s) in file /usr/share/ansible/collections/ansible_collections/redhat/satellite/plugins/modules/setting.py: redhat.satellite.foreman
2026-05-17T19:20:46.074917+00:00 ERROR 'ansible_navigator.actions.collections._parse' /usr/share/ansible/collections/ansible_collections/redhat/satellite/plugins/modules/setting_info.py AnsibleError (get_docstring): unknown doc_fragment(s) in file /usr/share/ansible/collections/ansible_collections/redhat/satellite/plugins/modules/setting_info.py: redhat.satellite.foreman, redhat.satellite.foreman.infomodule
2026-05-17T19:20:46.074926+00:00 ERROR 'ansible_navigator.actions.collections._parse' /usr/share/ansible/collections/ansible_collections/redhat/satellite/plugins/modules/smart_class_parameter.py AnsibleError (get_docstring): unknown doc_fragment(s) in file /usr/share/ansible/collections/ansible_collections/redhat/satellite/plugins/modules/smart_class_parameter.py: redhat.satellite.foreman
2026-05-17T19:20:46.074935+00:00 ERROR 'ansible_navigator.actions.collections._parse' /usr/share/ansible/collections/ansible_collections/redhat/satellite/plugins/modules/smart_class_parameter_override_value.py AnsibleError (get_docstring): unknown doc_fragment(s) in file /usr/share/ansible/collections/ansible_collections/redhat/satellite/plugins/modules/smart_class_parameter_override_value.py: redhat.satellite.foreman, redhat.satellite.foreman.entity_state
2026-05-17T19:20:46.074944+00:00 ERROR 'ansible_navigator.actions.collections._parse' /usr/share/ansible/collections/ansible_collections/redhat/satellite/plugins/modules/smart_proxy.py AnsibleError (get_docstring): unknown doc_fragment(s) in file /usr/share/ansible/collections/ansible_collections/redhat/satellite/plugins/modules/smart_proxy.py: redhat.satellite.foreman, redhat.satellite.foreman.entity_state, redhat.satellite.foreman.taxonomy
2026-05-17T19:20:46.074952+00:00 ERROR 'ansible_navigator.actions.collections._parse' /usr/share/ansible/collections/ansible_collections/redhat/satellite/plugins/modules/status_info.py AnsibleError (get_docstring): unknown doc_fragment(s) in file /usr/share/ansible/collections/ansible_collections/redhat/satellite/plugins/modules/status_info.py: redhat.satellite.foreman
2026-05-17T19:20:46.074961+00:00 ERROR 'ansible_navigator.actions.collections._parse' /usr/share/ansible/collections/ansible_collections/redhat/satellite/plugins/modules/subnet.py AnsibleError (get_docstring): unknown doc_fragment(s) in file /usr/share/ansible/collections/ansible_collections/redhat/satellite/plugins/modules/subnet.py: redhat.satellite.foreman, redhat.satellite.foreman.entity_state, redhat.satellite.foreman.taxonomy, redhat.satellite.foreman.nested_parameters
2026-05-17T19:20:46.074970+00:00 ERROR 'ansible_navigator.actions.collections._parse' /usr/share/ansible/collections/ansible_collections/redhat/satellite/plugins/modules/subnet_info.py AnsibleError (get_docstring): unknown doc_fragment(s) in file /usr/share/ansible/collections/ansible_collections/redhat/satellite/plugins/modules/subnet_info.py: redhat.satellite.foreman, redhat.satellite.foreman.infomodule
2026-05-17T19:20:46.074981+00:00 ERROR 'ansible_navigator.actions.collections._parse' /usr/share/ansible/collections/ansible_collections/redhat/satellite/plugins/modules/subscription_info.py AnsibleError (get_docstring): unknown doc_fragment(s) in file /usr/share/ansible/collections/ansible_collections/redhat/satellite/plugins/modules/subscription_info.py: redhat.satellite.foreman, redhat.satellite.foreman.katelloinfomodule, redhat.satellite.foreman.infomodule
2026-05-17T19:20:46.074990+00:00 ERROR 'ansible_navigator.actions.collections._parse' /usr/share/ansible/collections/ansible_collections/redhat/satellite/plugins/modules/subscription_manifest.py AnsibleError (get_docstring): unknown doc_fragment(s) in file /usr/share/ansible/collections/ansible_collections/redhat/satellite/plugins/modules/subscription_manifest.py: redhat.satellite.foreman, redhat.satellite.foreman.organization
2026-05-17T19:20:46.074999+00:00 ERROR 'ansible_navigator.actions.collections._parse' /usr/share/ansible/collections/ansible_collections/redhat/satellite/plugins/modules/sync_plan.py AnsibleError (get_docstring): unknown doc_fragment(s) in file /usr/share/ansible/collections/ansible_collections/redhat/satellite/plugins/modules/sync_plan.py: redhat.satellite.foreman, redhat.satellite.foreman.entity_state_with_defaults, redhat.satellite.foreman.organization
2026-05-17T19:20:46.075007+00:00 ERROR 'ansible_navigator.actions.collections._parse' /usr/share/ansible/collections/ansible_collections/redhat/satellite/plugins/modules/templates_import.py AnsibleError (get_docstring): unknown doc_fragment(s) in file /usr/share/ansible/collections/ansible_collections/redhat/satellite/plugins/modules/templates_import.py: redhat.satellite.foreman, redhat.satellite.foreman.taxonomy
2026-05-17T19:20:46.075016+00:00 ERROR 'ansible_navigator.actions.collections._parse' /usr/share/ansible/collections/ansible_collections/redhat/satellite/plugins/modules/user.py AnsibleError (get_docstring): unknown doc_fragment(s) in file /usr/share/ansible/collections/ansible_collections/redhat/satellite/plugins/modules/user.py: redhat.satellite.foreman, redhat.satellite.foreman.entity_state, redhat.satellite.foreman.taxonomy
2026-05-17T19:20:46.075024+00:00 ERROR 'ansible_navigator.actions.collections._parse' /usr/share/ansible/collections/ansible_collections/redhat/satellite/plugins/modules/usergroup.py AnsibleError (get_docstring): unknown doc_fragment(s) in file /usr/share/ansible/collections/ansible_collections/redhat/satellite/plugins/modules/usergroup.py: redhat.satellite.foreman, redhat.satellite.foreman.entity_state
2026-05-17T19:20:46.075033+00:00 ERROR 'ansible_navigator.actions.collections._parse' /usr/share/ansible/collections/ansible_collections/redhat/satellite/plugins/modules/wait_for_task.py AnsibleError (get_docstring): unknown doc_fragment(s) in file /usr/share/ansible/collections/ansible_collections/redhat/satellite/plugins/modules/wait_for_task.py: redhat.satellite.foreman
2026-05-17T19:20:46.075042+00:00 ERROR 'ansible_navigator.actions.collections._parse' /usr/share/ansible/collections/ansible_collections/redhat/sso/plugins/modules/sso_client.py AnsibleError (get_docstring): unknown doc_fragment(s) in file /usr/share/ansible/collections/ansible_collections/redhat/sso/plugins/modules/sso_client.py: redhat.sso.sso, redhat.sso.attributes
2026-05-17T19:20:46.075051+00:00 ERROR 'ansible_navigator.actions.collections._parse' /usr/share/ansible/collections/ansible_collections/redhat/sso/plugins/modules/sso_role.py AnsibleError (get_docstring): unknown doc_fragment(s) in file /usr/share/ansible/collections/ansible_collections/redhat/sso/plugins/modules/sso_role.py: redhat.sso.sso, redhat.sso.attributes
2026-05-17T19:20:46.075061+00:00 ERROR 'ansible_navigator.actions.collections._parse' /usr/share/ansible/collections/ansible_collections/redhat/sso/plugins/modules/sso_user_federation.py AnsibleError (get_docstring): unknown doc_fragment(s) in file /usr/share/ansible/collections/ansible_collections/redhat/sso/plugins/modules/sso_user_federation.py: redhat.sso.sso, redhat.sso.attributes
2026-05-17T19:20:46.075069+00:00 ERROR 'ansible_navigator.actions.collections._parse' /usr/share/ansible/collections/ansible_collections/servicenow/itsm/plugins/inventory/now.py AnsibleError (get_docstring): unknown doc_fragment(s) in file /usr/share/ansible/collections/ansible_collections/servicenow/itsm/plugins/inventory/now.py: ansible.builtin.constructed
2026-05-17T19:20:46.075078+00:00 ERROR 'ansible_navigator.actions.collections._parse' /usr/share/ansible/collections/ansible_collections/servicenow/itsm/plugins/modules/api.py AnsibleError (get_docstring): unknown doc_fragment(s) in file /usr/share/ansible/collections/ansible_collections/servicenow/itsm/plugins/modules/api.py: servicenow.itsm.instance, servicenow.itsm.sys_id
2026-05-17T19:20:46.075087+00:00 ERROR 'ansible_navigator.actions.collections._parse' /usr/share/ansible/collections/ansible_collections/servicenow/itsm/plugins/modules/api_info.py AnsibleError (get_docstring): unknown doc_fragment(s) in file /usr/share/ansible/collections/ansible_collections/servicenow/itsm/plugins/modules/api_info.py: servicenow.itsm.instance, servicenow.itsm.sys_id.info
2026-05-17T19:20:46.075096+00:00 ERROR 'ansible_navigator.actions.collections._parse' /usr/share/ansible/collections/ansible_collections/servicenow/itsm/plugins/modules/attachment_info.py AnsibleError (get_docstring): unknown doc_fragment(s) in file /usr/share/ansible/collections/ansible_collections/servicenow/itsm/plugins/modules/attachment_info.py: servicenow.itsm.instance
2026-05-17T19:20:46.075104+00:00 ERROR 'ansible_navigator.actions.collections._parse' /usr/share/ansible/collections/ansible_collections/servicenow/itsm/plugins/modules/attachment_upload.py AnsibleError (get_docstring): unknown doc_fragment(s) in file /usr/share/ansible/collections/ansible_collections/servicenow/itsm/plugins/modules/attachment_upload.py: servicenow.itsm.instance, servicenow.itsm.attachments
2026-05-17T19:20:46.075113+00:00 ERROR 'ansible_navigator.actions.collections._parse' /usr/share/ansible/collections/ansible_collections/servicenow/itsm/plugins/modules/change_request.py AnsibleError (get_docstring): unknown doc_fragment(s) in file /usr/share/ansible/collections/ansible_collections/servicenow/itsm/plugins/modules/change_request.py: servicenow.itsm.instance, servicenow.itsm.sys_id, servicenow.itsm.number, servicenow.itsm.attachments, servicenow.itsm.change_request_mapping
2026-05-17T19:20:46.075122+00:00 ERROR 'ansible_navigator.actions.collections._parse' /usr/share/ansible/collections/ansible_collections/servicenow/itsm/plugins/modules/change_request_info.py AnsibleError (get_docstring): unknown doc_fragment(s) in file /usr/share/ansible/collections/ansible_collections/servicenow/itsm/plugins/modules/change_request_info.py: servicenow.itsm.instance, servicenow.itsm.sys_id.info, servicenow.itsm.number.info, servicenow.itsm.query, servicenow.itsm.change_request_mapping, servicenow.itsm.sysparm_display_value
2026-05-17T19:20:46.075131+00:00 ERROR 'ansible_navigator.actions.collections._parse' /usr/share/ansible/collections/ansible_collections/servicenow/itsm/plugins/modules/change_request_task.py AnsibleError (get_docstring): unknown doc_fragment(s) in file /usr/share/ansible/collections/ansible_collections/servicenow/itsm/plugins/modules/change_request_task.py: servicenow.itsm.instance, servicenow.itsm.sys_id, servicenow.itsm.number, servicenow.itsm.change_request_task_mapping
2026-05-17T19:20:46.075140+00:00 ERROR 'ansible_navigator.actions.collections._parse' /usr/share/ansible/collections/ansible_collections/servicenow/itsm/plugins/modules/change_request_task_info.py AnsibleError (get_docstring): unknown doc_fragment(s) in file /usr/share/ansible/collections/ansible_collections/servicenow/itsm/plugins/modules/change_request_task_info.py: servicenow.itsm.instance, servicenow.itsm.sys_id.info, servicenow.itsm.number.info, servicenow.itsm.query, servicenow.itsm.change_request_task_mapping, servicenow.itsm.sysparm_display_value
2026-05-17T19:20:46.075151+00:00 ERROR 'ansible_navigator.actions.collections._parse' /usr/share/ansible/collections/ansible_collections/servicenow/itsm/plugins/modules/configuration_item.py AnsibleError (get_docstring): unknown doc_fragment(s) in file /usr/share/ansible/collections/ansible_collections/servicenow/itsm/plugins/modules/configuration_item.py: servicenow.itsm.instance, servicenow.itsm.sys_id, servicenow.itsm.attachments, servicenow.itsm.configuration_item_mapping
2026-05-17T19:20:46.075160+00:00 ERROR 'ansible_navigator.actions.collections._parse' /usr/share/ansible/collections/ansible_collections/servicenow/itsm/plugins/modules/configuration_item_batch.py AnsibleError (get_docstring): unknown doc_fragment(s) in file /usr/share/ansible/collections/ansible_collections/servicenow/itsm/plugins/modules/configuration_item_batch.py: servicenow.itsm.instance
2026-05-17T19:20:46.075169+00:00 ERROR 'ansible_navigator.actions.collections._parse' /usr/share/ansible/collections/ansible_collections/servicenow/itsm/plugins/modules/configuration_item_info.py AnsibleError (get_docstring): unknown doc_fragment(s) in file /usr/share/ansible/collections/ansible_collections/servicenow/itsm/plugins/modules/configuration_item_info.py: servicenow.itsm.instance, servicenow.itsm.sys_id.info, servicenow.itsm.query, servicenow.itsm.configuration_item_mapping, servicenow.itsm.sysparm_display_value
2026-05-17T19:20:46.075177+00:00 ERROR 'ansible_navigator.actions.collections._parse' /usr/share/ansible/collections/ansible_collections/servicenow/itsm/plugins/modules/configuration_item_relations.py AnsibleError (get_docstring): unknown doc_fragment(s) in file /usr/share/ansible/collections/ansible_collections/servicenow/itsm/plugins/modules/configuration_item_relations.py: servicenow.itsm.instance, servicenow.itsm.sysparm_display_value
2026-05-17T19:20:46.075186+00:00 ERROR 'ansible_navigator.actions.collections._parse' /usr/share/ansible/collections/ansible_collections/servicenow/itsm/plugins/modules/configuration_item_relations_info.py AnsibleError (get_docstring): unknown doc_fragment(s) in file /usr/share/ansible/collections/ansible_collections/servicenow/itsm/plugins/modules/configuration_item_relations_info.py: servicenow.itsm.instance, servicenow.itsm.sys_id.info, servicenow.itsm.sysparm_display_value
2026-05-17T19:20:46.075195+00:00 ERROR 'ansible_navigator.actions.collections._parse' /usr/share/ansible/collections/ansible_collections/servicenow/itsm/plugins/modules/incident.py AnsibleError (get_docstring): unknown doc_fragment(s) in file /usr/share/ansible/collections/ansible_collections/servicenow/itsm/plugins/modules/incident.py: servicenow.itsm.instance, servicenow.itsm.sys_id, servicenow.itsm.number, servicenow.itsm.attachments, servicenow.itsm.incident_mapping
2026-05-17T19:20:46.075204+00:00 ERROR 'ansible_navigator.actions.collections._parse' /usr/share/ansible/collections/ansible_collections/servicenow/itsm/plugins/modules/incident_info.py AnsibleError (get_docstring): unknown doc_fragment(s) in file /usr/share/ansible/collections/ansible_collections/servicenow/itsm/plugins/modules/incident_info.py: servicenow.itsm.instance, servicenow.itsm.sys_id.info, servicenow.itsm.number.info, servicenow.itsm.query, servicenow.itsm.incident_mapping, servicenow.itsm.sysparm_display_value
2026-05-17T19:20:46.075212+00:00 ERROR 'ansible_navigator.actions.collections._parse' /usr/share/ansible/collections/ansible_collections/servicenow/itsm/plugins/modules/problem.py AnsibleError (get_docstring): unknown doc_fragment(s) in file /usr/share/ansible/collections/ansible_collections/servicenow/itsm/plugins/modules/problem.py: servicenow.itsm.instance, servicenow.itsm.sys_id, servicenow.itsm.number, servicenow.itsm.attachments, servicenow.itsm.problem_mapping
2026-05-17T19:20:46.075222+00:00 ERROR 'ansible_navigator.actions.collections._parse' /usr/share/ansible/collections/ansible_collections/servicenow/itsm/plugins/modules/problem_info.py AnsibleError (get_docstring): unknown doc_fragment(s) in file /usr/share/ansible/collections/ansible_collections/servicenow/itsm/plugins/modules/problem_info.py: servicenow.itsm.instance, servicenow.itsm.sys_id.info, servicenow.itsm.number.info, servicenow.itsm.query, servicenow.itsm.sysparm_display_value
2026-05-17T19:20:46.075232+00:00 ERROR 'ansible_navigator.actions.collections._parse' /usr/share/ansible/collections/ansible_collections/servicenow/itsm/plugins/modules/problem_task.py AnsibleError (get_docstring): unknown doc_fragment(s) in file /usr/share/ansible/collections/ansible_collections/servicenow/itsm/plugins/modules/problem_task.py: servicenow.itsm.instance, servicenow.itsm.sys_id, servicenow.itsm.number, servicenow.itsm.problem_task_mapping
2026-05-17T19:20:46.075240+00:00 ERROR 'ansible_navigator.actions.collections._parse' /usr/share/ansible/collections/ansible_collections/servicenow/itsm/plugins/modules/problem_task_info.py AnsibleError (get_docstring): unknown doc_fragment(s) in file /usr/share/ansible/collections/ansible_collections/servicenow/itsm/plugins/modules/problem_task_info.py: servicenow.itsm.instance, servicenow.itsm.sys_id.info, servicenow.itsm.number.info, servicenow.itsm.query, servicenow.itsm.sysparm_display_value
2026-05-17T19:20:46.075249+00:00 ERROR 'ansible_navigator.actions.collections._parse' /usr/share/ansible/collections/ansible_collections/servicenow/itsm/plugins/modules/service_catalog.py AnsibleError (get_docstring): unknown doc_fragment(s) in file /usr/share/ansible/collections/ansible_collections/servicenow/itsm/plugins/modules/service_catalog.py: servicenow.itsm.instance
2026-05-17T19:20:46.075258+00:00 ERROR 'ansible_navigator.actions.collections._parse' /usr/share/ansible/collections/ansible_collections/servicenow/itsm/plugins/modules/service_catalog_info.py AnsibleError (get_docstring): unknown doc_fragment(s) in file /usr/share/ansible/collections/ansible_collections/servicenow/itsm/plugins/modules/service_catalog_info.py: servicenow.itsm.instance, servicenow.itsm.sys_id.info
2026-05-17T19:20:46.075266+00:00 ERROR 'ansible_navigator.actions.collections._parse' /usr/share/ansible/collections/ansible_collections/vmware/vmware_rest/plugins/lookup/cluster_moid.py AnsibleError (get_docstring): unknown doc_fragment(s) in file /usr/share/ansible/collections/ansible_collections/vmware/vmware_rest/plugins/lookup/cluster_moid.py: vmware.vmware_rest.moid
2026-05-17T19:20:46.075275+00:00 ERROR 'ansible_navigator.actions.collections._parse' /usr/share/ansible/collections/ansible_collections/vmware/vmware_rest/plugins/lookup/datacenter_moid.py AnsibleError (get_docstring): unknown doc_fragment(s) in file /usr/share/ansible/collections/ansible_collections/vmware/vmware_rest/plugins/lookup/datacenter_moid.py: vmware.vmware_rest.moid
2026-05-17T19:20:46.075284+00:00 ERROR 'ansible_navigator.actions.collections._parse' /usr/share/ansible/collections/ansible_collections/vmware/vmware_rest/plugins/lookup/datastore_moid.py AnsibleError (get_docstring): unknown doc_fragment(s) in file /usr/share/ansible/collections/ansible_collections/vmware/vmware_rest/plugins/lookup/datastore_moid.py: vmware.vmware_rest.moid
2026-05-17T19:20:46.075292+00:00 ERROR 'ansible_navigator.actions.collections._parse' /usr/share/ansible/collections/ansible_collections/vmware/vmware_rest/plugins/lookup/folder_moid.py AnsibleError (get_docstring): unknown doc_fragment(s) in file /usr/share/ansible/collections/ansible_collections/vmware/vmware_rest/plugins/lookup/folder_moid.py: vmware.vmware_rest.moid
2026-05-17T19:20:46.075301+00:00 ERROR 'ansible_navigator.actions.collections._parse' /usr/share/ansible/collections/ansible_collections/vmware/vmware_rest/plugins/lookup/host_moid.py AnsibleError (get_docstring): unknown doc_fragment(s) in file /usr/share/ansible/collections/ansible_collections/vmware/vmware_rest/plugins/lookup/host_moid.py: vmware.vmware_rest.moid
2026-05-17T19:20:46.075311+00:00 ERROR 'ansible_navigator.actions.collections._parse' /usr/share/ansible/collections/ansible_collections/vmware/vmware_rest/plugins/lookup/network_moid.py AnsibleError (get_docstring): unknown doc_fragment(s) in file /usr/share/ansible/collections/ansible_collections/vmware/vmware_rest/plugins/lookup/network_moid.py: vmware.vmware_rest.moid
2026-05-17T19:20:46.075320+00:00 ERROR 'ansible_navigator.actions.collections._parse' /usr/share/ansible/collections/ansible_collections/vmware/vmware_rest/plugins/lookup/resource_pool_moid.py AnsibleError (get_docstring): unknown doc_fragment(s) in file /usr/share/ansible/collections/ansible_collections/vmware/vmware_rest/plugins/lookup/resource_pool_moid.py: vmware.vmware_rest.moid
2026-05-17T19:20:46.075328+00:00 ERROR 'ansible_navigator.actions.collections._parse' /usr/share/ansible/collections/ansible_collections/vmware/vmware_rest/plugins/lookup/vm_moid.py AnsibleError (get_docstring): unknown doc_fragment(s) in file /usr/share/ansible/collections/ansible_collections/vmware/vmware_rest/plugins/lookup/vm_moid.py: vmware.vmware_rest.moid
2026-05-17T19:20:46.075337+00:00 ERROR 'ansible_navigator.actions.collections._parse' /usr/share/ansible/collections/ansible_collections/vyos/vyos/plugins/modules/vyos_banner.py AnsibleError (get_docstring): unknown doc_fragment(s) in file /usr/share/ansible/collections/ansible_collections/vyos/vyos/plugins/modules/vyos_banner.py: vyos.vyos.vyos
2026-05-17T19:20:46.075346+00:00 ERROR 'ansible_navigator.actions.collections._parse' /usr/share/ansible/collections/ansible_collections/vyos/vyos/plugins/modules/vyos_command.py AnsibleError (get_docstring): unknown doc_fragment(s) in file /usr/share/ansible/collections/ansible_collections/vyos/vyos/plugins/modules/vyos_command.py: vyos.vyos.vyos
2026-05-17T19:20:46.075354+00:00 ERROR 'ansible_navigator.actions.collections._parse' /usr/share/ansible/collections/ansible_collections/vyos/vyos/plugins/modules/vyos_config.py AnsibleError (get_docstring): unknown doc_fragment(s) in file /usr/share/ansible/collections/ansible_collections/vyos/vyos/plugins/modules/vyos_config.py: vyos.vyos.vyos
2026-05-17T19:20:46.075363+00:00 ERROR 'ansible_navigator.actions.collections._parse' /usr/share/ansible/collections/ansible_collections/vyos/vyos/plugins/modules/vyos_facts.py AnsibleError (get_docstring): unknown doc_fragment(s) in file /usr/share/ansible/collections/ansible_collections/vyos/vyos/plugins/modules/vyos_facts.py: vyos.vyos.vyos
2026-05-17T19:20:46.075372+00:00 ERROR 'ansible_navigator.actions.collections._parse' /usr/share/ansible/collections/ansible_collections/vyos/vyos/plugins/modules/vyos_logging.py AnsibleError (get_docstring): unknown doc_fragment(s) in file /usr/share/ansible/collections/ansible_collections/vyos/vyos/plugins/modules/vyos_logging.py: vyos.vyos.vyos
2026-05-17T19:20:46.075381+00:00 ERROR 'ansible_navigator.actions.collections._parse' /usr/share/ansible/collections/ansible_collections/vyos/vyos/plugins/modules/vyos_ping.py AnsibleError (get_docstring): unknown doc_fragment(s) in file /usr/share/ansible/collections/ansible_collections/vyos/vyos/plugins/modules/vyos_ping.py: vyos.vyos.vyos
2026-05-17T19:20:46.075390+00:00 ERROR 'ansible_navigator.actions.collections._parse' /usr/share/ansible/collections/ansible_collections/vyos/vyos/plugins/modules/vyos_system.py AnsibleError (get_docstring): unknown doc_fragment(s) in file /usr/share/ansible/collections/ansible_collections/vyos/vyos/plugins/modules/vyos_system.py: vyos.vyos.vyos
2026-05-17T19:20:46.075398+00:00 ERROR 'ansible_navigator.actions.collections._parse' /usr/share/ansible/collections/ansible_collections/vyos/vyos/plugins/modules/vyos_user.py AnsibleError (get_docstring): unknown doc_fragment(s) in file /usr/share/ansible/collections/ansible_collections/vyos/vyos/plugins/modules/vyos_user.py: vyos.vyos.vyos
2026-05-17T19:20:46.075407+00:00 ERROR 'ansible_navigator.actions.collections._parse' /usr/share/ansible/collections/ansible_collections/vyos/vyos/plugins/modules/vyos_vlan.py AnsibleError (get_docstring): unknown doc_fragment(s) in file /usr/share/ansible/collections/ansible_collections/vyos/vyos/plugins/modules/vyos_vlan.py: vyos.vyos.vyos
2026-05-17T19:43:07.126286+00:00 WARNING 'ansible_navigator.image_manager.puller._log_message' Image inspection failed, image assumed to be corrupted or missing
2026-05-17T19:43:07.129077+00:00 WARNING 'ansible_navigator.image_manager.puller._log_message' stdout: []

2026-05-17T19:43:07.129112+00:00 WARNING 'ansible_navigator.image_manager.puller._log_message' stderr: time="2026-05-17T19:43:07Z" level=warning msg="The cgroupv2 manager is set to systemd but there is no systemd user session available"
time="2026-05-17T19:43:07Z" level=warning msg="For using systemd, you may need to log in using a user session"
time="2026-05-17T19:43:07Z" level=warning msg="Alternatively, you can enable lingering with: `loginctl enable-linger 1001` (possibly as root)"
time="2026-05-17T19:43:07Z" level=warning msg="Falling back to --cgroup-manager=cgroupfs"
time="2026-05-17T19:43:07Z" level=warning msg="The cgroupv2 manager is set to systemd but there is no systemd user session available"
time="2026-05-17T19:43:07Z" level=warning msg="For using systemd, you may need to log in using a user session"
time="2026-05-17T19:43:07Z" level=warning msg="Alternatively, you can enable lingering with: `loginctl enable-linger 1001` (possibly as root)"
time="2026-05-17T19:43:07Z" level=warning msg="Falling back to --cgroup-manager=cgroupfs"
Error: registry.redhat.io/ansible-automation-platform-25/ee-minimal-rhel9:latest: image not known

2026-05-17T19:43:22.644377+00:00 CRITICAL 'ansible_navigator.actions.run_4966._handle_message' Unhandled message from runner queue, discarded: {'event': 'verbose', 'uuid': '3c3c4aa2-575c-4b64-85a5-59d0a7331bd4', 'counter': 1, 'stdout': '\x1b[33mWARN\x1b[0m[0000] The cgroupv2 manager is set to systemd but there is no systemd user session available ', 'start_line': 0, 'end_line': 1, 'runner_ident': 'bc7bdf80-312b-46ce-82a8-6d2de5af5e70', 'created': '2026-05-17T19:43:22.643796+00:00'}
2026-05-17T19:43:22.644526+00:00 CRITICAL 'ansible_navigator.actions.run_4966._handle_message' Unhandled message from runner queue, discarded: {'event': 'verbose', 'uuid': '151ad692-f1f2-4d27-b264-ec0499eb072f', 'counter': 2, 'stdout': '\x1b[33mWARN\x1b[0m[0000] For using systemd, you may need to log in using a user session ', 'start_line': 1, 'end_line': 2, 'runner_ident': 'bc7bdf80-312b-46ce-82a8-6d2de5af5e70', 'created': '2026-05-17T19:43:22.643938+00:00'}
2026-05-17T19:43:22.644555+00:00 CRITICAL 'ansible_navigator.actions.run_4966._handle_message' Unhandled message from runner queue, discarded: {'event': 'verbose', 'uuid': '2f140759-0756-461a-a1a6-7fd0e852cb28', 'counter': 3, 'stdout': '\x1b[33mWARN\x1b[0m[0000] Alternatively, you can enable lingering with: `loginctl enable-linger 1001` (possibly as root) ', 'start_line': 2, 'end_line': 3, 'runner_ident': 'bc7bdf80-312b-46ce-82a8-6d2de5af5e70', 'created': '2026-05-17T19:43:22.643969+00:00'}
2026-05-17T19:43:22.644576+00:00 CRITICAL 'ansible_navigator.actions.run_4966._handle_message' Unhandled message from runner queue, discarded: {'event': 'verbose', 'uuid': '9fcdc272-c03b-4a07-82b3-54c851fd11a2', 'counter': 4, 'stdout': '\x1b[33mWARN\x1b[0m[0000] Falling back to --cgroup-manager=cgroupfs    ', 'start_line': 3, 'end_line': 4, 'runner_ident': 'bc7bdf80-312b-46ce-82a8-6d2de5af5e70', 'created': '2026-05-17T19:43:22.643992+00:00'}
2026-05-17T19:43:22.762954+00:00 CRITICAL 'ansible_navigator.actions.run_4966._handle_message' Unhandled message from runner queue, discarded: {'event': 'verbose', 'uuid': 'd7c39cf2-b7f8-4318-97d2-7734a40f0aa3', 'counter': 5, 'stdout': '\x1b[33mWARN\x1b[0m[0000] The cgroupv2 manager is set to systemd but there is no systemd user session available ', 'start_line': 4, 'end_line': 5, 'runner_ident': 'bc7bdf80-312b-46ce-82a8-6d2de5af5e70', 'created': '2026-05-17T19:43:22.673869+00:00'}
2026-05-17T19:43:22.763048+00:00 CRITICAL 'ansible_navigator.actions.run_4966._handle_message' Unhandled message from runner queue, discarded: {'event': 'verbose', 'uuid': '14d9d6af-00d2-4d22-b433-16abac1117cc', 'counter': 6, 'stdout': '\x1b[33mWARN\x1b[0m[0000] For using systemd, you may need to log in using a user session ', 'start_line': 5, 'end_line': 6, 'runner_ident': 'bc7bdf80-312b-46ce-82a8-6d2de5af5e70', 'created': '2026-05-17T19:43:22.673949+00:00'}
2026-05-17T19:43:22.763081+00:00 CRITICAL 'ansible_navigator.actions.run_4966._handle_message' Unhandled message from runner queue, discarded: {'event': 'verbose', 'uuid': '70830653-ef93-4c21-8429-95afa6701da5', 'counter': 7, 'stdout': '\x1b[33mWARN\x1b[0m[0000] Alternatively, you can enable lingering with: `loginctl enable-linger 1001` (possibly as root) ', 'start_line': 6, 'end_line': 7, 'runner_ident': 'bc7bdf80-312b-46ce-82a8-6d2de5af5e70', 'created': '2026-05-17T19:43:22.673978+00:00'}
2026-05-17T19:43:22.763102+00:00 CRITICAL 'ansible_navigator.actions.run_4966._handle_message' Unhandled message from runner queue, discarded: {'event': 'verbose', 'uuid': '30cb28f2-1641-4253-ba59-12580025044e', 'counter': 8, 'stdout': '\x1b[33mWARN\x1b[0m[0000] Falling back to --cgroup-manager=cgroupfs    ', 'start_line': 7, 'end_line': 8, 'runner_ident': 'bc7bdf80-312b-46ce-82a8-6d2de5af5e70', 'created': '2026-05-17T19:43:22.674000+00:00'}
2026-05-17T19:43:23.595572+00:00 CRITICAL 'ansible_navigator.actions.run_4966._handle_message' Unhandled message from runner queue, discarded: {'event': 'verbose', 'uuid': '24539c27-f153-4f92-947c-e79b96b70ebb', 'counter': 9, 'stdout': '/usr/local/lib/python3.12/site-packages/paramiko/pkey.py:82: CryptographyDeprecationWarning: TripleDES has been moved to cryptography.hazmat.decrepit.ciphers.algorithms.TripleDES and will be removed from cryptography.hazmat.primitives.ciphers.algorithms in 48.0.0.', 'start_line': 8, 'end_line': 9, 'runner_ident': 'bc7bdf80-312b-46ce-82a8-6d2de5af5e70', 'created': '2026-05-17T19:43:23.512641+00:00'}
2026-05-17T19:43:23.595691+00:00 CRITICAL 'ansible_navigator.actions.run_4966._handle_message' Unhandled message from runner queue, discarded: {'event': 'verbose', 'uuid': 'e4093e51-728e-4dda-ac90-d2912b3df969', 'counter': 10, 'stdout': '  "cipher": algorithms.TripleDES,', 'start_line': 9, 'end_line': 10, 'runner_ident': 'bc7bdf80-312b-46ce-82a8-6d2de5af5e70', 'created': '2026-05-17T19:43:23.519063+00:00'}
2026-05-17T19:43:23.595721+00:00 CRITICAL 'ansible_navigator.actions.run_4966._handle_message' Unhandled message from runner queue, discarded: {'event': 'verbose', 'uuid': 'd92fef52-75ce-4a2f-b3c4-b45785a17f8e', 'counter': 11, 'stdout': '/usr/local/lib/python3.12/site-packages/paramiko/transport.py:243: CryptographyDeprecationWarning: TripleDES has been moved to cryptography.hazmat.decrepit.ciphers.algorithms.TripleDES and will be removed from cryptography.hazmat.primitives.ciphers.algorithms in 48.0.0.', 'start_line': 10, 'end_line': 11, 'runner_ident': 'bc7bdf80-312b-46ce-82a8-6d2de5af5e70', 'created': '2026-05-17T19:43:23.550766+00:00'}
2026-05-17T19:43:23.595744+00:00 CRITICAL 'ansible_navigator.actions.run_4966._handle_message' Unhandled message from runner queue, discarded: {'event': 'verbose', 'uuid': 'bee9aac5-042b-4dc9-9334-79a954d58177', 'counter': 12, 'stdout': '  "class": algorithms.TripleDES,', 'start_line': 11, 'end_line': 12, 'runner_ident': 'bc7bdf80-312b-46ce-82a8-6d2de5af5e70', 'created': '2026-05-17T19:43:23.551158+00:00'}
2026-05-17T19:43:23.904418+00:00 CRITICAL 'ansible_navigator.actions.run_4966._handle_message' Unhandled message from runner queue, discarded: {'event': 'verbose', 'uuid': '8bb06ee9-70d4-49b1-a7b6-308192fb57e2', 'counter': 13, 'stdout': "\x1b[0;31mERROR! couldn't resolve module/action 'ansible.posix.selinux'. This often indicates a misspelling, missing collection, or incorrect module path.\x1b[0m", 'start_line': 12, 'end_line': 13, 'runner_ident': 'bc7bdf80-312b-46ce-82a8-6d2de5af5e70', 'created': '2026-05-17T19:43:23.805494+00:00'}
2026-05-17T19:43:23.904518+00:00 CRITICAL 'ansible_navigator.actions.run_4966._handle_message' Unhandled message from runner queue, discarded: {'event': 'verbose', 'uuid': '94c3a3c3-9fa0-458b-8ff5-8400468b78b2', 'counter': 14, 'stdout': '\x1b[0;31m\x1b[0m', 'start_line': 13, 'end_line': 14, 'runner_ident': 'bc7bdf80-312b-46ce-82a8-6d2de5af5e70', 'created': '2026-05-17T19:43:23.805880+00:00'}
2026-05-17T19:43:23.904548+00:00 CRITICAL 'ansible_navigator.actions.run_4966._handle_message' Unhandled message from runner queue, discarded: {'event': 'verbose', 'uuid': 'a8718cb1-b72e-4b0d-9241-c26585ab2d0d', 'counter': 15, 'stdout': "\x1b[0;31mThe error appears to be in '/home/ansible/ansible_proj/ansible_ccat/enforce-selinux.yml': line 7, column 5, but may\x1b[0m", 'start_line': 14, 'end_line': 15, 'runner_ident': 'bc7bdf80-312b-46ce-82a8-6d2de5af5e70', 'created': '2026-05-17T19:43:23.806242+00:00'}
2026-05-17T19:43:23.904571+00:00 CRITICAL 'ansible_navigator.actions.run_4966._handle_message' Unhandled message from runner queue, discarded: {'event': 'verbose', 'uuid': 'aa283f53-9e4f-4ad4-aa91-9e627f0c9b15', 'counter': 16, 'stdout': '\x1b[0;31mbe elsewhere in the file depending on the exact syntax problem.\x1b[0m', 'start_line': 15, 'end_line': 16, 'runner_ident': 'bc7bdf80-312b-46ce-82a8-6d2de5af5e70', 'created': '2026-05-17T19:43:23.806673+00:00'}
2026-05-17T19:43:23.904589+00:00 CRITICAL 'ansible_navigator.actions.run_4966._handle_message' Unhandled message from runner queue, discarded: {'event': 'verbose', 'uuid': 'fcd7af18-2daa-47f7-a5bc-edab0a065d83', 'counter': 17, 'stdout': '\x1b[0;31m\x1b[0m', 'start_line': 16, 'end_line': 17, 'runner_ident': 'bc7bdf80-312b-46ce-82a8-6d2de5af5e70', 'created': '2026-05-17T19:43:23.807021+00:00'}
2026-05-17T19:43:23.904608+00:00 CRITICAL 'ansible_navigator.actions.run_4966._handle_message' Unhandled message from runner queue, discarded: {'event': 'verbose', 'uuid': 'b11cebfb-2ba0-41ee-b1e7-a5fef20a7c27', 'counter': 18, 'stdout': '\x1b[0;31mThe offending line appears to be:\x1b[0m', 'start_line': 17, 'end_line': 18, 'runner_ident': 'bc7bdf80-312b-46ce-82a8-6d2de5af5e70', 'created': '2026-05-17T19:43:23.807396+00:00'}
2026-05-17T19:43:23.904627+00:00 CRITICAL 'ansible_navigator.actions.run_4966._handle_message' Unhandled message from runner queue, discarded: {'event': 'verbose', 'uuid': '6a462264-abaf-4695-a236-f9c00aefccd9', 'counter': 19, 'stdout': '\x1b[0;31m\x1b[0m', 'start_line': 18, 'end_line': 19, 'runner_ident': 'bc7bdf80-312b-46ce-82a8-6d2de5af5e70', 'created': '2026-05-17T19:43:23.807746+00:00'}
2026-05-17T19:43:23.904645+00:00 CRITICAL 'ansible_navigator.actions.run_4966._handle_message' Unhandled message from runner queue, discarded: {'event': 'verbose', 'uuid': '0e4b4a2e-3b80-44c7-bb1c-cba08d5d9fdf', 'counter': 20, 'stdout': '\x1b[0;31m  tasks:\x1b[0m', 'start_line': 19, 'end_line': 20, 'runner_ident': 'bc7bdf80-312b-46ce-82a8-6d2de5af5e70', 'created': '2026-05-17T19:43:23.808103+00:00'}
2026-05-17T19:43:23.904663+00:00 CRITICAL 'ansible_navigator.actions.run_4966._handle_message' Unhandled message from runner queue, discarded: {'event': 'verbose', 'uuid': '1bf11103-d907-4aa5-85e2-f6cecefe76f0', 'counter': 21, 'stdout': '\x1b[0;31m  - name: set SELinux to enforcing\x1b[0m', 'start_line': 20, 'end_line': 21, 'runner_ident': 'bc7bdf80-312b-46ce-82a8-6d2de5af5e70', 'created': '2026-05-17T19:43:23.808852+00:00'}
2026-05-17T19:43:23.904679+00:00 CRITICAL 'ansible_navigator.actions.run_4966._handle_message' Unhandled message from runner queue, discarded: {'event': 'verbose', 'uuid': '3b28e2be-788e-4b4e-ac00-3c0f5454ac2e', 'counter': 22, 'stdout': '\x1b[0;31m    ^ here\x1b[0m', 'start_line': 21, 'end_line': 22, 'runner_ident': 'bc7bdf80-312b-46ce-82a8-6d2de5af5e70', 'created': '2026-05-17T19:43:23.809197+00:00'}
2026-05-17T19:45:00.883112+00:00 CRITICAL 'ansible_navigator.actions.run_0a1c._handle_message' Unhandled message from runner queue, discarded: {'event': 'verbose', 'uuid': '1d074d13-b554-4df7-a5e4-9d92d84fc919', 'counter': 1, 'stdout': '\x1b[33mWARN\x1b[0m[0000] The cgroupv2 manager is set to systemd but there is no systemd user session available ', 'start_line': 0, 'end_line': 1, 'runner_ident': 'd28f47e8-1d25-46b0-a8c9-8a6242ffe371', 'created': '2026-05-17T19:45:00.882802+00:00'}
2026-05-17T19:45:00.883393+00:00 CRITICAL 'ansible_navigator.actions.run_0a1c._handle_message' Unhandled message from runner queue, discarded: {'event': 'verbose', 'uuid': 'f5fecd03-b22a-43eb-a2eb-71a04d41568e', 'counter': 2, 'stdout': '\x1b[33mWARN\x1b[0m[0000] For using systemd, you may need to log in using a user session ', 'start_line': 1, 'end_line': 2, 'runner_ident': 'd28f47e8-1d25-46b0-a8c9-8a6242ffe371', 'created': '2026-05-17T19:45:00.882929+00:00'}
2026-05-17T19:45:00.883424+00:00 CRITICAL 'ansible_navigator.actions.run_0a1c._handle_message' Unhandled message from runner queue, discarded: {'event': 'verbose', 'uuid': 'f94f785c-af76-455c-8749-4acfeaccb425', 'counter': 3, 'stdout': '\x1b[33mWARN\x1b[0m[0000] Alternatively, you can enable lingering with: `loginctl enable-linger 1001` (possibly as root) ', 'start_line': 2, 'end_line': 3, 'runner_ident': 'd28f47e8-1d25-46b0-a8c9-8a6242ffe371', 'created': '2026-05-17T19:45:00.882956+00:00'}
2026-05-17T19:45:00.883445+00:00 CRITICAL 'ansible_navigator.actions.run_0a1c._handle_message' Unhandled message from runner queue, discarded: {'event': 'verbose', 'uuid': '4b1bc471-d40a-4b68-b6be-8b7eafb7d354', 'counter': 4, 'stdout': '\x1b[33mWARN\x1b[0m[0000] Falling back to --cgroup-manager=cgroupfs    ', 'start_line': 3, 'end_line': 4, 'runner_ident': 'd28f47e8-1d25-46b0-a8c9-8a6242ffe371', 'created': '2026-05-17T19:45:00.882977+00:00'}
2026-05-17T19:45:00.994539+00:00 CRITICAL 'ansible_navigator.actions.run_0a1c._handle_message' Unhandled message from runner queue, discarded: {'event': 'verbose', 'uuid': '84bf2e1e-f139-4a9f-8ba7-a3f9eb5e5ebe', 'counter': 5, 'stdout': '\x1b[33mWARN\x1b[0m[0000] The cgroupv2 manager is set to systemd but there is no systemd user session available ', 'start_line': 4, 'end_line': 5, 'runner_ident': 'd28f47e8-1d25-46b0-a8c9-8a6242ffe371', 'created': '2026-05-17T19:45:00.910229+00:00'}
2026-05-17T19:45:00.994627+00:00 CRITICAL 'ansible_navigator.actions.run_0a1c._handle_message' Unhandled message from runner queue, discarded: {'event': 'verbose', 'uuid': '2c9d029e-8d95-4652-ad03-8fcf90e4a2e5', 'counter': 6, 'stdout': '\x1b[33mWARN\x1b[0m[0000] For using systemd, you may need to log in using a user session ', 'start_line': 5, 'end_line': 6, 'runner_ident': 'd28f47e8-1d25-46b0-a8c9-8a6242ffe371', 'created': '2026-05-17T19:45:00.910298+00:00'}
2026-05-17T19:45:00.994652+00:00 CRITICAL 'ansible_navigator.actions.run_0a1c._handle_message' Unhandled message from runner queue, discarded: {'event': 'verbose', 'uuid': '5eda2930-1326-4ac9-88fc-c6a447d5657c', 'counter': 7, 'stdout': '\x1b[33mWARN\x1b[0m[0000] Alternatively, you can enable lingering with: `loginctl enable-linger 1001` (possibly as root) ', 'start_line': 6, 'end_line': 7, 'runner_ident': 'd28f47e8-1d25-46b0-a8c9-8a6242ffe371', 'created': '2026-05-17T19:45:00.910325+00:00'}
2026-05-17T19:45:00.994673+00:00 CRITICAL 'ansible_navigator.actions.run_0a1c._handle_message' Unhandled message from runner queue, discarded: {'event': 'verbose', 'uuid': 'eddb4590-547b-4f4c-b605-08303e3679e6', 'counter': 8, 'stdout': '\x1b[33mWARN\x1b[0m[0000] Falling back to --cgroup-manager=cgroupfs    ', 'start_line': 7, 'end_line': 8, 'runner_ident': 'd28f47e8-1d25-46b0-a8c9-8a6242ffe371', 'created': '2026-05-17T19:45:00.910347+00:00'}
2026-05-17T19:45:01.719518+00:00 CRITICAL 'ansible_navigator.actions.run_0a1c._handle_message' Unhandled message from runner queue, discarded: {'event': 'verbose', 'uuid': '5bce2591-a700-4a72-9a46-9c0852c1e80e', 'counter': 9, 'stdout': '/usr/local/lib/python3.12/site-packages/paramiko/pkey.py:82: CryptographyDeprecationWarning: TripleDES has been moved to cryptography.hazmat.decrepit.ciphers.algorithms.TripleDES and will be removed from cryptography.hazmat.primitives.ciphers.algorithms in 48.0.0.', 'start_line': 8, 'end_line': 9, 'runner_ident': 'd28f47e8-1d25-46b0-a8c9-8a6242ffe371', 'created': '2026-05-17T19:45:01.643076+00:00'}
2026-05-17T19:45:01.719630+00:00 CRITICAL 'ansible_navigator.actions.run_0a1c._handle_message' Unhandled message from runner queue, discarded: {'event': 'verbose', 'uuid': '13649be0-2fc9-4f4f-80f9-04f050b49d30', 'counter': 10, 'stdout': '  "cipher": algorithms.TripleDES,', 'start_line': 9, 'end_line': 10, 'runner_ident': 'd28f47e8-1d25-46b0-a8c9-8a6242ffe371', 'created': '2026-05-17T19:45:01.643711+00:00'}
2026-05-17T19:45:01.719663+00:00 CRITICAL 'ansible_navigator.actions.run_0a1c._handle_message' Unhandled message from runner queue, discarded: {'event': 'verbose', 'uuid': 'c7453c6c-cfe5-486b-872d-3b6d95c66bc1', 'counter': 11, 'stdout': '/usr/local/lib/python3.12/site-packages/paramiko/transport.py:243: CryptographyDeprecationWarning: TripleDES has been moved to cryptography.hazmat.decrepit.ciphers.algorithms.TripleDES and will be removed from cryptography.hazmat.primitives.ciphers.algorithms in 48.0.0.', 'start_line': 10, 'end_line': 11, 'runner_ident': 'd28f47e8-1d25-46b0-a8c9-8a6242ffe371', 'created': '2026-05-17T19:45:01.681018+00:00'}
2026-05-17T19:45:01.719682+00:00 CRITICAL 'ansible_navigator.actions.run_0a1c._handle_message' Unhandled message from runner queue, discarded: {'event': 'verbose', 'uuid': 'a235cb81-a214-4e3b-87b1-8cd8bb3bcac0', 'counter': 12, 'stdout': '  "class": algorithms.TripleDES,', 'start_line': 11, 'end_line': 12, 'runner_ident': 'd28f47e8-1d25-46b0-a8c9-8a6242ffe371', 'created': '2026-05-17T19:45:01.681370+00:00'}
2026-05-17T19:47:13.586698+00:00 INFO 'ansible_navigator.setup_logger' New ansible-navigator instance, logging initialized
2026-05-17T19:47:13.587370+00:00 INFO 'ansible_navigator.setup_logger' New ansible-runner instance, logging initialized
2026-05-17T19:47:13.587394+00:00 DEBUG 'ansible_navigator.main' Jinja2==3.1.6 
2026-05-17T19:47:13.587409+00:00 DEBUG 'ansible_navigator.main' MarkupSafe==3.0.3 
2026-05-17T19:47:13.587420+00:00 DEBUG 'ansible_navigator.main' Parsley==1.3 
2026-05-17T19:47:13.587430+00:00 DEBUG 'ansible_navigator.main' PySocks==1.7.1 
2026-05-17T19:47:13.587439+00:00 DEBUG 'ansible_navigator.main' PyYAML==5.4.1 
2026-05-17T19:47:13.587448+00:00 DEBUG 'ansible_navigator.main' Pygments==2.20.0 
2026-05-17T19:47:13.587457+00:00 DEBUG 'ansible_navigator.main' ansible-builder==3.1.1 
2026-05-17T19:47:13.587466+00:00 DEBUG 'ansible_navigator.main' ansible-compat==24.10.0 
2026-05-17T19:47:13.587476+00:00 DEBUG 'ansible_navigator.main' ansible-core==2.14.18 
2026-05-17T19:47:13.587486+00:00 DEBUG 'ansible_navigator.main' ansible-lint==6.22.2 
2026-05-17T19:47:13.587495+00:00 DEBUG 'ansible_navigator.main' ansible-navigator==24.2.0 
2026-05-17T19:47:13.587504+00:00 DEBUG 'ansible_navigator.main' ansible-runner==2.4.3 
2026-05-17T19:47:13.587512+00:00 DEBUG 'ansible_navigator.main' attrs==26.1.0 /home/ansible/.local/lib/python3.9/site-packages/attrs/__init__.py
2026-05-17T19:47:13.587522+00:00 DEBUG 'ansible_navigator.main' bindep==2.14.0 /home/ansible/.local/lib/python3.9/site-packages/bindep/__init__.py
2026-05-17T19:47:13.587531+00:00 DEBUG 'ansible_navigator.main' black==25.11.0 /home/ansible/.local/lib/python3.9/site-packages/black/__init__.cpython-39-x86_64-linux-gnu.so
2026-05-17T19:47:13.587540+00:00 DEBUG 'ansible_navigator.main' bracex==2.6 /home/ansible/.local/lib/python3.9/site-packages/bracex/__init__.py
2026-05-17T19:47:13.587549+00:00 DEBUG 'ansible_navigator.main' cffi==1.14.5 /usr/lib64/python3.9/site-packages/cffi/__init__.py
2026-05-17T19:47:13.587559+00:00 DEBUG 'ansible_navigator.main' chardet==4.0.0 /usr/lib/python3.9/site-packages/chardet/__init__.py
2026-05-17T19:47:13.587567+00:00 DEBUG 'ansible_navigator.main' click==8.1.8 /home/ansible/.local/lib/python3.9/site-packages/click/__init__.py
2026-05-17T19:47:13.587576+00:00 DEBUG 'ansible_navigator.main' cryptography==36.0.1 /usr/lib64/python3.9/site-packages/cryptography/__init__.py
2026-05-17T19:47:13.587585+00:00 DEBUG 'ansible_navigator.main' dbus-python==1.2.18 
2026-05-17T19:47:13.587594+00:00 DEBUG 'ansible_navigator.main' decorator==4.4.2 /usr/lib/python3.9/site-packages/decorator.py
2026-05-17T19:47:13.587603+00:00 DEBUG 'ansible_navigator.main' distro==1.9.0 /home/ansible/.local/lib/python3.9/site-packages/distro/__init__.py
2026-05-17T19:47:13.587616+00:00 DEBUG 'ansible_navigator.main' file-magic==0.4.0 
2026-05-17T19:47:13.587625+00:00 DEBUG 'ansible_navigator.main' filelock==3.19.1 /home/ansible/.local/lib/python3.9/site-packages/filelock/__init__.py
2026-05-17T19:47:13.587634+00:00 DEBUG 'ansible_navigator.main' idna==2.10 /usr/lib/python3.9/site-packages/idna/__init__.py
2026-05-17T19:47:13.587643+00:00 DEBUG 'ansible_navigator.main' importlib-metadata==6.2.1 
2026-05-17T19:47:13.587652+00:00 DEBUG 'ansible_navigator.main' iniparse==0.4 /usr/lib/python3.9/site-packages/iniparse/__init__.py
2026-05-17T19:47:13.587661+00:00 DEBUG 'ansible_navigator.main' jsonschema-specifications==2025.9.1 
2026-05-17T19:47:13.587670+00:00 DEBUG 'ansible_navigator.main' jsonschema==4.25.1 /home/ansible/.local/lib/python3.9/site-packages/jsonschema/__init__.py
2026-05-17T19:47:13.587678+00:00 DEBUG 'ansible_navigator.main' lockfile==0.12.2 /home/ansible/.local/lib/python3.9/site-packages/lockfile/__init__.py
2026-05-17T19:47:13.587687+00:00 DEBUG 'ansible_navigator.main' markdown-it-py==3.0.0 
2026-05-17T19:47:13.587696+00:00 DEBUG 'ansible_navigator.main' mdurl==0.1.2 /home/ansible/.local/lib/python3.9/site-packages/mdurl/__init__.py
2026-05-17T19:47:13.587705+00:00 DEBUG 'ansible_navigator.main' mypy_extensions==1.1.0 /home/ansible/.local/lib/python3.9/site-packages/mypy_extensions.py
2026-05-17T19:47:13.587714+00:00 DEBUG 'ansible_navigator.main' nftables==0.1 /usr/lib/python3.9/site-packages/nftables/__init__.py
2026-05-17T19:47:13.587723+00:00 DEBUG 'ansible_navigator.main' onigurumacffi==1.4.1 /home/ansible/.local/lib/python3.9/site-packages/onigurumacffi.py
2026-05-17T19:47:13.587732+00:00 DEBUG 'ansible_navigator.main' packaging==26.2 /home/ansible/.local/lib/python3.9/site-packages/packaging/__init__.py
2026-05-17T19:47:13.587741+00:00 DEBUG 'ansible_navigator.main' pathspec==1.1.1 /home/ansible/.local/lib/python3.9/site-packages/pathspec/__init__.py
2026-05-17T19:47:13.587750+00:00 DEBUG 'ansible_navigator.main' pbr==7.0.3 /home/ansible/.local/lib/python3.9/site-packages/pbr/__init__.py
2026-05-17T19:47:13.587759+00:00 DEBUG 'ansible_navigator.main' perf==0.1 /usr/lib64/python3.9/site-packages/perf.cpython-39-x86_64-linux-gnu.so
2026-05-17T19:47:13.587768+00:00 DEBUG 'ansible_navigator.main' pexpect==4.9.0 /home/ansible/.local/lib/python3.9/site-packages/pexpect/__init__.py
2026-05-17T19:47:13.587776+00:00 DEBUG 'ansible_navigator.main' pip==21.3.1 /usr/lib/python3.9/site-packages/pip/__init__.py
2026-05-17T19:47:13.587785+00:00 DEBUG 'ansible_navigator.main' platformdirs==4.4.0 /home/ansible/.local/lib/python3.9/site-packages/platformdirs/__init__.py
2026-05-17T19:47:13.587795+00:00 DEBUG 'ansible_navigator.main' ply==3.11 /usr/lib/python3.9/site-packages/ply/__init__.py
2026-05-17T19:47:13.587803+00:00 DEBUG 'ansible_navigator.main' ptyprocess==0.7.0 /home/ansible/.local/lib/python3.9/site-packages/ptyprocess/__init__.py
2026-05-17T19:47:13.587812+00:00 DEBUG 'ansible_navigator.main' pycparser==2.20 /usr/lib/python3.9/site-packages/pycparser/__init__.py
2026-05-17T19:47:13.587821+00:00 DEBUG 'ansible_navigator.main' pyinotify==0.9.6 /usr/lib/python3.9/site-packages/pyinotify.py
2026-05-17T19:47:13.587830+00:00 DEBUG 'ansible_navigator.main' pyparsing==2.4.7 /usr/lib/python3.9/site-packages/pyparsing.py
2026-05-17T19:47:13.587839+00:00 DEBUG 'ansible_navigator.main' python-daemon==3.1.2 
2026-05-17T19:47:13.587848+00:00 DEBUG 'ansible_navigator.main' python-dateutil==2.9.0.post0 
2026-05-17T19:47:13.587857+00:00 DEBUG 'ansible_navigator.main' python-linux-procfs==0.7.3 
2026-05-17T19:47:13.587866+00:00 DEBUG 'ansible_navigator.main' pytokens==0.4.1 /home/ansible/.local/lib/python3.9/site-packages/pytokens/__init__.cpython-39-x86_64-linux-gnu.so
2026-05-17T19:47:13.587875+00:00 DEBUG 'ansible_navigator.main' pyudev==0.22.0 /usr/lib/python3.9/site-packages/pyudev/__init__.py
2026-05-17T19:47:13.587884+00:00 DEBUG 'ansible_navigator.main' referencing==0.36.2 /home/ansible/.local/lib/python3.9/site-packages/referencing/__init__.py
2026-05-17T19:47:13.587894+00:00 DEBUG 'ansible_navigator.main' requests==2.25.1 /usr/lib/python3.9/site-packages/requests/__init__.py
2026-05-17T19:47:13.587903+00:00 DEBUG 'ansible_navigator.main' resolvelib==0.5.4 /usr/lib/python3.9/site-packages/resolvelib/__init__.py
2026-05-17T19:47:13.587913+00:00 DEBUG 'ansible_navigator.main' rich==15.0.0 /home/ansible/.local/lib/python3.9/site-packages/rich/__init__.py
2026-05-17T19:47:13.587921+00:00 DEBUG 'ansible_navigator.main' rpds-py==0.27.1 
2026-05-17T19:47:13.587930+00:00 DEBUG 'ansible_navigator.main' ruamel.yaml==0.19.1 /home/ansible/.local/lib/python3.9/site-packages/ruamel/yaml/__init__.py
2026-05-17T19:47:13.587939+00:00 DEBUG 'ansible_navigator.main' selinux==3.6 /usr/lib64/python3.9/site-packages/selinux/__init__.py
2026-05-17T19:47:13.587948+00:00 DEBUG 'ansible_navigator.main' sepolicy==3.6 /usr/lib/python3.9/site-packages/sepolicy/__init__.py
2026-05-17T19:47:13.587957+00:00 DEBUG 'ansible_navigator.main' setools==4.4.4 /usr/lib64/python3.9/site-packages/setools/__init__.py
2026-05-17T19:47:13.587966+00:00 DEBUG 'ansible_navigator.main' setuptools==53.0.0 /usr/lib/python3.9/site-packages/setuptools/__init__.py
2026-05-17T19:47:13.587975+00:00 DEBUG 'ansible_navigator.main' six==1.15.0 /usr/lib/python3.9/site-packages/six.py
2026-05-17T19:47:13.587984+00:00 DEBUG 'ansible_navigator.main' subprocess-tee==0.4.2 
2026-05-17T19:47:13.587993+00:00 DEBUG 'ansible_navigator.main' subscription-manager==1.29.47.1 
2026-05-17T19:47:13.588001+00:00 DEBUG 'ansible_navigator.main' tomli==2.4.1 /home/ansible/.local/lib/python3.9/site-packages/tomli/__init__.py
2026-05-17T19:47:13.588011+00:00 DEBUG 'ansible_navigator.main' typing_extensions==4.15.0 /home/ansible/.local/lib/python3.9/site-packages/typing_extensions.py
2026-05-17T19:47:13.588019+00:00 DEBUG 'ansible_navigator.main' tzdata==2026.2 /home/ansible/.local/lib/python3.9/site-packages/tzdata/__init__.py
2026-05-17T19:47:13.588028+00:00 DEBUG 'ansible_navigator.main' urllib3==1.26.5 /usr/lib/python3.9/site-packages/urllib3/__init__.py
2026-05-17T19:47:13.588037+00:00 DEBUG 'ansible_navigator.main' wcmatch==10.1 /home/ansible/.local/lib/python3.9/site-packages/wcmatch/__init__.py
2026-05-17T19:47:13.588046+00:00 DEBUG 'ansible_navigator.main' yamllint==1.37.1 /home/ansible/.local/lib/python3.9/site-packages/yamllint/__init__.py
2026-05-17T19:47:13.588055+00:00 DEBUG 'ansible_navigator.main' zipp==3.23.1 /home/ansible/.local/lib/python3.9/site-packages/zipp/__init__.py
2026-05-17T19:47:13.588064+00:00 DEBUG 'ansible_navigator.main' Default collection_doc_cache_path set to: /home/ansible/.cache/ansible-navigator/collection_doc_cache.db
2026-05-17T19:47:13.588073+00:00 DEBUG 'ansible_navigator.main' EDITOR environment variable not set
2026-05-17T19:47:13.588082+00:00 DEBUG 'ansible_navigator.main' Default editor_command set to: vi +{line_number} {filename}
2026-05-17T19:47:13.588091+00:00 DEBUG 'ansible_navigator.main' No config file set by ANSIBLE_NAVIGATOR_CONFIG
2026-05-17T19:47:13.588100+00:00 DEBUG 'ansible_navigator.main' Looking in /home/ansible
2026-05-17T19:47:13.588120+00:00 DEBUG 'ansible_navigator.main' Looking for '/home/ansible/.ansible-navigator.yml', '/home/ansible/.ansible-navigator.yaml' and '/home/ansible/.ansible-navigator.json'
2026-05-17T19:47:13.588143+00:00 DEBUG 'ansible_navigator.main' Found 0: 
2026-05-17T19:47:13.588158+00:00 DEBUG 'ansible_navigator.main' Looking in /home/ansible/ansible_proj/ansible_ccat
2026-05-17T19:47:13.588170+00:00 DEBUG 'ansible_navigator.main' Looking for '/home/ansible/ansible_proj/ansible_ccat/ansible-navigator.yml', '/home/ansible/ansible_proj/ansible_ccat/ansible-navigator.yaml' and '/home/ansible/ansible_proj/ansible_ccat/ansible-navigator.json'
2026-05-17T19:47:13.588181+00:00 DEBUG 'ansible_navigator.main' Found 1: '/home/ansible/ansible_proj/ansible_ccat/ansible-navigator.yml'
2026-05-17T19:47:13.588192+00:00 DEBUG 'ansible_navigator.main' All found 1: '/home/ansible/ansible_proj/ansible_ccat/ansible-navigator.yml'
2026-05-17T19:47:13.588208+00:00 DEBUG 'ansible_navigator.main' Using: /home/ansible/ansible_proj/ansible_ccat/ansible-navigator.yml
2026-05-17T19:47:13.588218+00:00 DEBUG 'ansible_navigator.main' Using settings file at /home/ansible/ansible_proj/ansible_ccat/ansible-navigator.yml in search path
2026-05-17T19:47:13.588228+00:00 DEBUG 'ansible_navigator.main' Command provided: 'replay'
2026-05-17T19:47:13.588241+00:00 DEBUG 'ansible_navigator.main' ansible-navigator.ansible-runner.artifact-dir not found in settings file
2026-05-17T19:47:13.588251+00:00 DEBUG 'ansible_navigator.main' ansible-navigator.ansible-runner.rotate-artifacts-count not found in settings file
2026-05-17T19:47:13.588260+00:00 DEBUG 'ansible_navigator.main' ansible-navigator.ansible-runner.timeout not found in settings file
2026-05-17T19:47:13.588269+00:00 DEBUG 'ansible_navigator.main' ansible-navigator.ansible-runner.job-events not found in settings file
2026-05-17T19:47:13.588278+00:00 DEBUG 'ansible_navigator.main' ansible-navigator.app not found in settings file
2026-05-17T19:47:13.588287+00:00 DEBUG 'ansible_navigator.main' ansible-navigator.ansible.cmdline not found in settings file
2026-05-17T19:47:13.588296+00:00 DEBUG 'ansible_navigator.main' ansible-navigator.collection-doc-cache-path not found in settings file
2026-05-17T19:47:13.588304+00:00 DEBUG 'ansible_navigator.main' ansible-navigator.ansible.config.path not found in settings file
2026-05-17T19:47:13.588313+00:00 DEBUG 'ansible_navigator.main' ansible-navigator.execution-environment.container-engine not found in settings file
2026-05-17T19:47:13.588322+00:00 DEBUG 'ansible_navigator.main' ansible-navigator.execution-environment.container-options not found in settings file
2026-05-17T19:47:13.588331+00:00 DEBUG 'ansible_navigator.main' ansible-navigator.color.enable not found in settings file
2026-05-17T19:47:13.588340+00:00 DEBUG 'ansible_navigator.main' ansible-navigator.editor.command not found in settings file
2026-05-17T19:47:13.588349+00:00 DEBUG 'ansible_navigator.main' ansible-navigator.editor.console not found in settings file
2026-05-17T19:47:13.588357+00:00 DEBUG 'ansible_navigator.main' ansible-navigator.enable-prompts not found in settings file
2026-05-17T19:47:13.588366+00:00 DEBUG 'ansible_navigator.main' ansible-navigator.exec.command not found in settings file
2026-05-17T19:47:13.588375+00:00 DEBUG 'ansible_navigator.main' ansible-navigator.exec.shell not found in settings file
2026-05-17T19:47:13.588384+00:00 DEBUG 'ansible_navigator.main' ansible-navigator.execution-environment.enabled not found in settings file
2026-05-17T19:47:13.588393+00:00 DEBUG 'ansible_navigator.main' ansible-navigator.execution-environment.volume-mounts not found in settings file
2026-05-17T19:47:13.588401+00:00 DEBUG 'ansible_navigator.main' ansible-navigator.format not found in settings file
2026-05-17T19:47:13.588410+00:00 DEBUG 'ansible_navigator.main' ansible-navigator.ansible-builder.help not found in settings file
2026-05-17T19:47:13.588419+00:00 DEBUG 'ansible_navigator.main' ansible-navigator.ansible.config.help not found in settings file
2026-05-17T19:47:13.588428+00:00 DEBUG 'ansible_navigator.main' ansible-navigator.ansible.doc.help not found in settings file
2026-05-17T19:47:13.588437+00:00 DEBUG 'ansible_navigator.main' ansible-navigator.ansible.inventory.help not found in settings file
2026-05-17T19:47:13.588446+00:00 DEBUG 'ansible_navigator.main' ansible-navigator.ansible.playbook.help not found in settings file
2026-05-17T19:47:13.588454+00:00 DEBUG 'ansible_navigator.main' ansible-navigator.images.details not found in settings file
2026-05-17T19:47:13.588464+00:00 DEBUG 'ansible_navigator.main' ansible-navigator.ansible.inventory.entries not found in settings file
2026-05-17T19:47:13.588473+00:00 DEBUG 'ansible_navigator.main' ansible-navigator.inventory-columns not found in settings file
2026-05-17T19:47:13.588482+00:00 DEBUG 'ansible_navigator.main' ansible-navigator.ansible-lint.config not found in settings file
2026-05-17T19:47:13.588491+00:00 DEBUG 'ansible_navigator.main' ansible-navigator.ansible-lint.lintables not found in settings file
2026-05-17T19:47:13.588502+00:00 DEBUG 'ansible_navigator.main' ansible-navigator.logging.append not found in settings file
2026-05-17T19:47:13.588511+00:00 DEBUG 'ansible_navigator.main' ansible-navigator.logging.file not found in settings file
2026-05-17T19:47:13.588519+00:00 DEBUG 'ansible_navigator.main' ansible-navigator.logging.level not found in settings file
2026-05-17T19:47:13.588528+00:00 DEBUG 'ansible_navigator.main' ansible-navigator.mode not found in settings file
2026-05-17T19:47:13.588537+00:00 DEBUG 'ansible_navigator.main' ansible-navigator.color.osc4 not found in settings file
2026-05-17T19:47:13.588546+00:00 DEBUG 'ansible_navigator.main' ansible-navigator.execution-environment.environment-variables.pass not found in settings file
2026-05-17T19:47:13.588554+00:00 DEBUG 'ansible_navigator.main' ansible-navigator.ansible.playbook.path not found in settings file
2026-05-17T19:47:13.588563+00:00 DEBUG 'ansible_navigator.main' ansible-navigator.playbook-artifact.replay not found in settings file
2026-05-17T19:47:13.588572+00:00 DEBUG 'ansible_navigator.main' ansible-navigator.playbook-artifact.save-as not found in settings file
2026-05-17T19:47:13.588581+00:00 DEBUG 'ansible_navigator.main' ansible-navigator.ansible.doc.plugin.name not found in settings file
2026-05-17T19:47:13.588590+00:00 DEBUG 'ansible_navigator.main' ansible-navigator.ansible.doc.plugin.type not found in settings file
2026-05-17T19:47:13.588598+00:00 DEBUG 'ansible_navigator.main' ansible-navigator.execution-environment.pull.arguments not found in settings file
2026-05-17T19:47:13.588607+00:00 DEBUG 'ansible_navigator.main' ansible-navigator.execution-environment.environment-variables.set not found in settings file
2026-05-17T19:47:13.588616+00:00 DEBUG 'ansible_navigator.main' ansible-navigator.settings.effective not found in settings file
2026-05-17T19:47:13.588625+00:00 DEBUG 'ansible_navigator.main' ansible-navigator.settings.sample not found in settings file
2026-05-17T19:47:13.588634+00:00 DEBUG 'ansible_navigator.main' ansible-navigator.settings.schema not found in settings file
2026-05-17T19:47:13.588642+00:00 DEBUG 'ansible_navigator.main' ansible-navigator.settings.sources not found in settings file
2026-05-17T19:47:13.588651+00:00 DEBUG 'ansible_navigator.main' ansible-navigator.time-zone not found in settings file
2026-05-17T19:47:13.588660+00:00 DEBUG 'ansible_navigator.main' ansible-navigator.ansible-builder.workdir not found in settings file
2026-05-17T19:47:13.588669+00:00 DEBUG 'ansible_navigator.main' EE support enabled: using current working directory for 'ansible.cfg'
2026-05-17T19:47:13.588678+00:00 INFO 'ansible_navigator.main' EE support enabled: found 'ansible.cfg' in current working directory.
2026-05-17T19:47:13.588686+00:00 DEBUG 'ansible_navigator.main' Completed post processing for ansible_runner_artifact_dir. (changed=False)
2026-05-17T19:47:13.588695+00:00 DEBUG 'ansible_navigator.main' Completed post processing for ansible_runner_rotate_artifacts_count. (changed=False)
2026-05-17T19:47:13.588704+00:00 DEBUG 'ansible_navigator.main' Completed post processing for ansible_runner_timeout. (changed=False)
2026-05-17T19:47:13.588713+00:00 DEBUG 'ansible_navigator.main' Completed post processing for cmdline. (changed=False)
2026-05-17T19:47:13.588721+00:00 DEBUG 'ansible_navigator.main' Completed post processing for collection_doc_cache_path. (changed=False)
2026-05-17T19:47:13.588730+00:00 DEBUG 'ansible_navigator.main' Completed post processing for container_engine. (changed=True)
2026-05-17T19:47:13.588739+00:00 DEBUG 'ansible_navigator.main'  before: 'auto'
2026-05-17T19:47:13.588748+00:00 DEBUG 'ansible_navigator.main'  after: 'podman'
2026-05-17T19:47:13.588757+00:00 DEBUG 'ansible_navigator.main' Completed post processing for container_options. (changed=False)
2026-05-17T19:47:13.588765+00:00 DEBUG 'ansible_navigator.main' Completed post processing for display_color. (changed=False)
2026-05-17T19:47:13.588774+00:00 DEBUG 'ansible_navigator.main' Completed post processing for enable_prompts. (changed=False)
2026-05-17T19:47:13.588785+00:00 DEBUG 'ansible_navigator.main' Completed post processing for execution_environment. (changed=False)
2026-05-17T19:47:13.588794+00:00 DEBUG 'ansible_navigator.main' Completed post processing for execution_environment_image. (changed=False)
2026-05-17T19:47:13.588803+00:00 DEBUG 'ansible_navigator.main' Completed post processing for help_builder. (changed=False)
2026-05-17T19:47:13.588811+00:00 DEBUG 'ansible_navigator.main' Completed post processing for help_config. (changed=False)
2026-05-17T19:47:13.588820+00:00 DEBUG 'ansible_navigator.main' Completed post processing for help_doc. (changed=False)
2026-05-17T19:47:13.588854+00:00 DEBUG 'ansible_navigator.main' Completed post processing for help_inventory. (changed=False)
2026-05-17T19:47:13.588873+00:00 DEBUG 'ansible_navigator.main' Completed post processing for help_playbook. (changed=False)
2026-05-17T19:47:13.588886+00:00 DEBUG 'ansible_navigator.main' Completed post processing for images_details. (changed=False)
2026-05-17T19:47:13.588898+00:00 DEBUG 'ansible_navigator.main' Completed post processing for inventory. (changed=True)
2026-05-17T19:47:13.588908+00:00 DEBUG 'ansible_navigator.main'  before: 'Not set'
2026-05-17T19:47:13.588919+00:00 DEBUG 'ansible_navigator.main'  after: '['/home/ansible/ansible_proj/ansible_ccat/inventory']'
2026-05-17T19:47:13.588929+00:00 DEBUG 'ansible_navigator.main' Completed post processing for inventory_column. (changed=False)
2026-05-17T19:47:13.588938+00:00 DEBUG 'ansible_navigator.main' Completed post processing for log_file. (changed=False)
2026-05-17T19:47:13.588948+00:00 DEBUG 'ansible_navigator.main' Completed post processing for pass_environment_variable. (changed=False)
2026-05-17T19:47:13.588958+00:00 DEBUG 'ansible_navigator.main' Completed post processing for playbook. (changed=False)
2026-05-17T19:47:13.588967+00:00 DEBUG 'ansible_navigator.main' Completed post processing for playbook_artifact_replay. (changed=False)
2026-05-17T19:47:13.588976+00:00 DEBUG 'ansible_navigator.main' Completed post processing for playbook_artifact_save_as. (changed=False)
2026-05-17T19:47:13.588984+00:00 DEBUG 'ansible_navigator.main' Completed post processing for plugin_name. (changed=False)
2026-05-17T19:47:13.588994+00:00 DEBUG 'ansible_navigator.main' Completed post processing for pull_arguments. (changed=False)
2026-05-17T19:47:13.589002+00:00 DEBUG 'ansible_navigator.main' Completed post processing for set_environment_variable. (changed=False)
2026-05-17T19:47:13.589011+00:00 DEBUG 'ansible_navigator.main' Completed post processing for settings_effective. (changed=False)
2026-05-17T19:47:13.589020+00:00 DEBUG 'ansible_navigator.main' Completed post processing for settings_sample. (changed=False)
2026-05-17T19:47:13.589029+00:00 DEBUG 'ansible_navigator.main' Completed post processing for settings_schema. (changed=False)
2026-05-17T19:47:13.589038+00:00 DEBUG 'ansible_navigator.main' Completed post processing for settings_sources. (changed=False)
2026-05-17T19:47:13.589046+00:00 DEBUG 'ansible_navigator.main' Completed post processing for time_zone. (changed=False)
2026-05-17T19:47:13.589055+00:00 DEBUG 'ansible_navigator.main' Completed post processing for execution_environment_volume_mounts. (changed=False)
2026-05-17T19:47:13.589064+00:00 DEBUG 'ansible_navigator.main' Completed post processing for mode. (changed=False)
2026-05-17T19:47:13.589073+00:00 DEBUG 'ansible_navigator.main' Completed post processing for playbook_artifact_enable. (changed=False)
2026-05-17T19:47:13.589084+00:00 WARNING 'ansible_navigator.main' Configuration errors encountered, rolling back to previous configuration.
2026-05-17T19:47:13.589093+00:00 DEBUG 'ansible_navigator.main' Prior to rollback: ansible_runner_artifact_dir = 'Not set' (Constants/Not set)
2026-05-17T19:47:13.589102+00:00 DEBUG 'ansible_navigator.main' Prior to rollback: ansible_runner_rotate_artifacts_count = 'Not set' (Constants/Not set)
2026-05-17T19:47:13.589111+00:00 DEBUG 'ansible_navigator.main' Prior to rollback: ansible_runner_timeout = 'Not set' (Constants/Not set)
2026-05-17T19:47:13.589123+00:00 DEBUG 'ansible_navigator.main' Prior to rollback: ansible_runner_write_job_events = 'False' (bool/Defaults)
2026-05-17T19:47:13.589132+00:00 DEBUG 'ansible_navigator.main' Prior to rollback: app = 'replay' (str/Command line)
2026-05-17T19:47:13.589141+00:00 DEBUG 'ansible_navigator.main' Prior to rollback: cmdline = 'Not set' (Constants/Not set)
2026-05-17T19:47:13.589150+00:00 DEBUG 'ansible_navigator.main' Prior to rollback: collection_doc_cache_path = '/home/ansible/.cache/ansible-navigator/collection_doc_cache.db' (str/Defaults)
2026-05-17T19:47:13.589159+00:00 DEBUG 'ansible_navigator.main' Prior to rollback: config = 'Not set' (Constants/Not set)
2026-05-17T19:47:13.589168+00:00 DEBUG 'ansible_navigator.main' Prior to rollback: container_engine = 'podman' (str/Automatically determined)
2026-05-17T19:47:13.589177+00:00 DEBUG 'ansible_navigator.main' Prior to rollback: container_options = 'Not set' (Constants/Not set)
2026-05-17T19:47:13.589185+00:00 DEBUG 'ansible_navigator.main' Prior to rollback: display_color = 'True' (bool/Defaults)
2026-05-17T19:47:13.589194+00:00 DEBUG 'ansible_navigator.main' Prior to rollback: editor_command = 'vi +{line_number} {filename}' (str/Defaults)
2026-05-17T19:47:13.589203+00:00 DEBUG 'ansible_navigator.main' Prior to rollback: editor_console = 'True' (bool/Defaults)
2026-05-17T19:47:13.589212+00:00 DEBUG 'ansible_navigator.main' Prior to rollback: enable_prompts = 'False' (bool/Defaults)
2026-05-17T19:47:13.589221+00:00 DEBUG 'ansible_navigator.main' Prior to rollback: exec_command = '/bin/bash' (str/Defaults)
2026-05-17T19:47:13.589230+00:00 DEBUG 'ansible_navigator.main' Prior to rollback: exec_shell = 'True' (bool/Defaults)
2026-05-17T19:47:13.589242+00:00 DEBUG 'ansible_navigator.main' Prior to rollback: execution_environment = 'True' (bool/Defaults)
2026-05-17T19:47:13.589251+00:00 DEBUG 'ansible_navigator.main' Prior to rollback: execution_environment_image = 'registry.redhat.io/ansible-automation-platform-24/ee-supported-rhel9:latest' (str/Settings file)
2026-05-17T19:47:13.589260+00:00 DEBUG 'ansible_navigator.main' Prior to rollback: execution_environment_volume_mounts = 'Not set' (Constants/Not set)
2026-05-17T19:47:13.589269+00:00 DEBUG 'ansible_navigator.main' Prior to rollback: format = 'yaml' (str/Defaults)
2026-05-17T19:47:13.589278+00:00 DEBUG 'ansible_navigator.main' Prior to rollback: help_builder = 'False' (bool/Defaults)
2026-05-17T19:47:13.589286+00:00 DEBUG 'ansible_navigator.main' Prior to rollback: help_config = 'False' (bool/Defaults)
2026-05-17T19:47:13.589295+00:00 DEBUG 'ansible_navigator.main' Prior to rollback: help_doc = 'False' (bool/Defaults)
2026-05-17T19:47:13.589304+00:00 DEBUG 'ansible_navigator.main' Prior to rollback: help_inventory = 'False' (bool/Defaults)
2026-05-17T19:47:13.589313+00:00 DEBUG 'ansible_navigator.main' Prior to rollback: help_playbook = 'False' (bool/Defaults)
2026-05-17T19:47:13.589321+00:00 DEBUG 'ansible_navigator.main' Prior to rollback: images_details = '['everything']' (list/Defaults)
2026-05-17T19:47:13.589330+00:00 DEBUG 'ansible_navigator.main' Prior to rollback: inventory = '['/home/ansible/ansible_proj/ansible_ccat/inventory']' (list/Ansible configuration file)
2026-05-17T19:47:13.589339+00:00 DEBUG 'ansible_navigator.main' Prior to rollback: inventory_column = 'Not set' (Constants/Not set)
2026-05-17T19:47:13.589348+00:00 DEBUG 'ansible_navigator.main' Prior to rollback: lint_config = 'Not set' (Constants/Not set)
2026-05-17T19:47:13.589356+00:00 DEBUG 'ansible_navigator.main' Prior to rollback: lintables = 'Not set' (Constants/Not set)
2026-05-17T19:47:13.589365+00:00 DEBUG 'ansible_navigator.main' Prior to rollback: log_append = 'True' (bool/Defaults)
2026-05-17T19:47:13.589375+00:00 DEBUG 'ansible_navigator.main' Prior to rollback: log_file = '/home/ansible/ansible_proj/ansible_ccat/ansible-navigator.log' (str/Defaults)
2026-05-17T19:47:13.589384+00:00 DEBUG 'ansible_navigator.main' Prior to rollback: log_level = 'warning' (str/Defaults)
2026-05-17T19:47:13.589395+00:00 DEBUG 'ansible_navigator.main' Prior to rollback: mode = 'interactive' (str/Defaults)
2026-05-17T19:47:13.589404+00:00 DEBUG 'ansible_navigator.main' Prior to rollback: osc4 = 'True' (bool/Defaults)
2026-05-17T19:47:13.589412+00:00 DEBUG 'ansible_navigator.main' Prior to rollback: pass_environment_variable = 'Not set' (Constants/Not set)
2026-05-17T19:47:13.589421+00:00 DEBUG 'ansible_navigator.main' Prior to rollback: playbook = 'Not set' (Constants/Not set)
2026-05-17T19:47:13.589430+00:00 DEBUG 'ansible_navigator.main' Prior to rollback: playbook_artifact_enable = 'False' (bool/Settings file)
2026-05-17T19:47:13.589439+00:00 DEBUG 'ansible_navigator.main' Prior to rollback: playbook_artifact_replay = 'Not set' (Constants/Not set)
2026-05-17T19:47:13.589447+00:00 DEBUG 'ansible_navigator.main' Prior to rollback: playbook_artifact_save_as = '{playbook_dir}/{playbook_name}-artifact-{time_stamp}.json' (str/Defaults)
2026-05-17T19:47:13.589456+00:00 DEBUG 'ansible_navigator.main' Prior to rollback: plugin_name = 'Not set' (Constants/Not set)
2026-05-17T19:47:13.589465+00:00 DEBUG 'ansible_navigator.main' Prior to rollback: plugin_type = 'module' (str/Defaults)
2026-05-17T19:47:13.589473+00:00 DEBUG 'ansible_navigator.main' Prior to rollback: pull_arguments = 'Not set' (Constants/Not set)
2026-05-17T19:47:13.589482+00:00 DEBUG 'ansible_navigator.main' Prior to rollback: pull_policy = 'missing' (str/Settings file)
2026-05-17T19:47:13.589491+00:00 DEBUG 'ansible_navigator.main' Prior to rollback: set_environment_variable = 'Not set' (Constants/Not set)
2026-05-17T19:47:13.589500+00:00 DEBUG 'ansible_navigator.main' Prior to rollback: settings_effective = 'False' (bool/Defaults)
2026-05-17T19:47:13.589508+00:00 DEBUG 'ansible_navigator.main' Prior to rollback: settings_sample = 'False' (bool/Defaults)
2026-05-17T19:47:13.589517+00:00 DEBUG 'ansible_navigator.main' Prior to rollback: settings_schema = 'json' (str/Defaults)
2026-05-17T19:47:13.589526+00:00 DEBUG 'ansible_navigator.main' Prior to rollback: settings_sources = 'False' (bool/Defaults)
2026-05-17T19:47:13.589535+00:00 DEBUG 'ansible_navigator.main' Prior to rollback: time_zone = 'UTC' (str/Defaults)
2026-05-17T19:47:13.589543+00:00 DEBUG 'ansible_navigator.main' Prior to rollback: workdir = '/home/ansible/ansible_proj/ansible_ccat' (str/Defaults)
2026-05-17T19:47:13.589552+00:00 DEBUG 'ansible_navigator.main' After rollback: ansible_runner_artifact_dir = 'Not set' (Constants/Not set)
2026-05-17T19:47:13.589561+00:00 DEBUG 'ansible_navigator.main' After rollback: ansible_runner_rotate_artifacts_count = 'Not set' (Constants/Not set)
2026-05-17T19:47:13.589570+00:00 DEBUG 'ansible_navigator.main' After rollback: ansible_runner_timeout = 'Not set' (Constants/Not set)
2026-05-17T19:47:13.589578+00:00 DEBUG 'ansible_navigator.main' After rollback: ansible_runner_write_job_events = 'Not set' (Constants/Not set)
2026-05-17T19:47:13.589587+00:00 DEBUG 'ansible_navigator.main' After rollback: app = 'Not set' (Constants/Not set)
2026-05-17T19:47:13.589596+00:00 DEBUG 'ansible_navigator.main' After rollback: cmdline = 'Not set' (Constants/Not set)
2026-05-17T19:47:13.589605+00:00 DEBUG 'ansible_navigator.main' After rollback: collection_doc_cache_path = 'Not set' (Constants/Not set)
2026-05-17T19:47:13.589613+00:00 DEBUG 'ansible_navigator.main' After rollback: config = 'Not set' (Constants/Not set)
2026-05-17T19:47:13.589622+00:00 DEBUG 'ansible_navigator.main' After rollback: container_engine = 'Not set' (Constants/Not set)
2026-05-17T19:47:13.589631+00:00 DEBUG 'ansible_navigator.main' After rollback: container_options = 'Not set' (Constants/Not set)
2026-05-17T19:47:13.589640+00:00 DEBUG 'ansible_navigator.main' After rollback: display_color = 'Not set' (Constants/Not set)
2026-05-17T19:47:13.589648+00:00 DEBUG 'ansible_navigator.main' After rollback: editor_command = 'Not set' (Constants/Not set)
2026-05-17T19:47:13.589657+00:00 DEBUG 'ansible_navigator.main' After rollback: editor_console = 'Not set' (Constants/Not set)
2026-05-17T19:47:13.589667+00:00 DEBUG 'ansible_navigator.main' After rollback: enable_prompts = 'Not set' (Constants/Not set)
2026-05-17T19:47:13.589676+00:00 DEBUG 'ansible_navigator.main' After rollback: exec_command = 'Not set' (Constants/Not set)
2026-05-17T19:47:13.589684+00:00 DEBUG 'ansible_navigator.main' After rollback: exec_shell = 'Not set' (Constants/Not set)
2026-05-17T19:47:13.589693+00:00 DEBUG 'ansible_navigator.main' After rollback: execution_environment = 'Not set' (Constants/Not set)
2026-05-17T19:47:13.589702+00:00 DEBUG 'ansible_navigator.main' After rollback: execution_environment_image = 'Not set' (Constants/Not set)
2026-05-17T19:47:13.589710+00:00 DEBUG 'ansible_navigator.main' After rollback: execution_environment_volume_mounts = 'Not set' (Constants/Not set)
2026-05-17T19:47:13.589719+00:00 DEBUG 'ansible_navigator.main' After rollback: format = 'Not set' (Constants/Not set)
2026-05-17T19:47:13.589728+00:00 DEBUG 'ansible_navigator.main' After rollback: help_builder = 'Not set' (Constants/Not set)
2026-05-17T19:47:13.589737+00:00 DEBUG 'ansible_navigator.main' After rollback: help_config = 'Not set' (Constants/Not set)
2026-05-17T19:47:13.589746+00:00 DEBUG 'ansible_navigator.main' After rollback: help_doc = 'Not set' (Constants/Not set)
2026-05-17T19:47:13.589755+00:00 DEBUG 'ansible_navigator.main' After rollback: help_inventory = 'Not set' (Constants/Not set)
2026-05-17T19:47:13.589763+00:00 DEBUG 'ansible_navigator.main' After rollback: help_playbook = 'Not set' (Constants/Not set)
2026-05-17T19:47:13.589772+00:00 DEBUG 'ansible_navigator.main' After rollback: images_details = 'Not set' (Constants/Not set)
2026-05-17T19:47:13.589781+00:00 DEBUG 'ansible_navigator.main' After rollback: inventory = 'Not set' (Constants/Not set)
2026-05-17T19:47:13.589789+00:00 DEBUG 'ansible_navigator.main' After rollback: inventory_column = 'Not set' (Constants/Not set)
2026-05-17T19:47:13.589798+00:00 DEBUG 'ansible_navigator.main' After rollback: lint_config = 'Not set' (Constants/Not set)
2026-05-17T19:47:13.589807+00:00 DEBUG 'ansible_navigator.main' After rollback: lintables = 'Not set' (Constants/Not set)
2026-05-17T19:47:13.589816+00:00 DEBUG 'ansible_navigator.main' After rollback: log_append = 'Not set' (Constants/Not set)
2026-05-17T19:47:13.589824+00:00 DEBUG 'ansible_navigator.main' After rollback: log_file = 'Not set' (Constants/Not set)
2026-05-17T19:47:13.589833+00:00 DEBUG 'ansible_navigator.main' After rollback: log_level = 'Not set' (Constants/Not set)
2026-05-17T19:47:13.589842+00:00 DEBUG 'ansible_navigator.main' After rollback: mode = 'Not set' (Constants/Not set)
2026-05-17T19:47:13.589850+00:00 DEBUG 'ansible_navigator.main' After rollback: osc4 = 'Not set' (Constants/Not set)
2026-05-17T19:47:13.589859+00:00 DEBUG 'ansible_navigator.main' After rollback: pass_environment_variable = 'Not set' (Constants/Not set)
2026-05-17T19:47:13.589868+00:00 DEBUG 'ansible_navigator.main' After rollback: playbook = 'Not set' (Constants/Not set)
2026-05-17T19:47:13.589877+00:00 DEBUG 'ansible_navigator.main' After rollback: playbook_artifact_enable = 'Not set' (Constants/Not set)
2026-05-17T19:47:13.589885+00:00 DEBUG 'ansible_navigator.main' After rollback: playbook_artifact_replay = 'Not set' (Constants/Not set)
2026-05-17T19:47:13.589894+00:00 DEBUG 'ansible_navigator.main' After rollback: playbook_artifact_save_as = 'Not set' (Constants/Not set)
2026-05-17T19:47:13.589903+00:00 DEBUG 'ansible_navigator.main' After rollback: plugin_name = 'Not set' (Constants/Not set)
2026-05-17T19:47:13.589912+00:00 DEBUG 'ansible_navigator.main' After rollback: plugin_type = 'Not set' (Constants/Not set)
2026-05-17T19:47:13.589921+00:00 DEBUG 'ansible_navigator.main' After rollback: pull_arguments = 'Not set' (Constants/Not set)
2026-05-17T19:47:13.589929+00:00 DEBUG 'ansible_navigator.main' After rollback: pull_policy = 'Not set' (Constants/Not set)
2026-05-17T19:47:13.589938+00:00 DEBUG 'ansible_navigator.main' After rollback: set_environment_variable = 'Not set' (Constants/Not set)
2026-05-17T19:47:13.589948+00:00 DEBUG 'ansible_navigator.main' After rollback: settings_effective = 'Not set' (Constants/Not set)
2026-05-17T19:47:13.589957+00:00 DEBUG 'ansible_navigator.main' After rollback: settings_sample = 'Not set' (Constants/Not set)
2026-05-17T19:47:13.589966+00:00 DEBUG 'ansible_navigator.main' After rollback: settings_schema = 'Not set' (Constants/Not set)
2026-05-17T19:47:13.589974+00:00 DEBUG 'ansible_navigator.main' After rollback: settings_sources = 'Not set' (Constants/Not set)
2026-05-17T19:47:13.589983+00:00 DEBUG 'ansible_navigator.main' After rollback: time_zone = 'Not set' (Constants/Not set)
2026-05-17T19:47:13.589992+00:00 DEBUG 'ansible_navigator.main' After rollback: workdir = 'Not set' (Constants/Not set)
2026-05-17T19:47:13.590001+00:00 DEBUG 'ansible_navigator.main' Configuration rollback complete.
2026-05-17T19:47:13.590009+00:00 DEBUG 'ansible_navigator.main' Collection doc cache not mounted
2026-05-17T19:47:13.590023+00:00 WARNING 'ansible_navigator.main' Issues were found while applying the settings.
2026-05-17T19:47:13.590035+00:00 INFO 'ansible_navigator.main' Command provided: 'replay'
2026-05-17T19:47:13.590046+00:00 ERROR 'ansible_navigator.main' An playbook artifact file is required when using the replay subcommand
2026-05-17T19:47:13.590060+00:00 INFO 'ansible_navigator.main' Try again with 'replay <path to playbook artifact>'
2026-05-17T19:47:13.590076+00:00 INFO 'ansible_navigator.main' Configuration failed, using default log file location. (/home/ansible/ansible_proj/ansible_ccat/ansible-navigator.log) Log level set to debug
2026-05-17T19:47:13.590087+00:00 INFO 'ansible_navigator.main' Review the hints and log file to see what went wrong.
